Zaman (UTC)	Antalya_AllAngle_SC_mean	Antalya_AllAngle_SF_mean	Antalya_NearNadir_SC_mean	Antalya_NearNadir_SF_mean	Antalya_OffNadir_SC_mean	Antalya_OffNadir_SF_mean	DAG_AllAngle_SC_11x11_mean	DAG_AllAngle_SC_1x1_mean	DAG_AllAngle_SC_21x21_mean	DAG_AllAngle_SC_3x3_mean	DAG_AllAngle_SC_5x5_mean	DAG_AllAngle_SC_7x7_mean	DAG_AllAngle_SC_9x9_mean	DAG_AllAngle_SF_11x11_mean	DAG_AllAngle_SF_1x1_mean	DAG_AllAngle_SF_21x21_mean	DAG_AllAngle_SF_3x3_mean	DAG_AllAngle_SF_5x5_mean	DAG_AllAngle_SF_7x7_mean	DAG_AllAngle_SF_9x9_mean	DAG_NearNadir_SC_11x11_mean	DAG_NearNadir_SC_1x1_mean	DAG_NearNadir_SC_21x21_mean	DAG_NearNadir_SC_3x3_mean	DAG_NearNadir_SC_5x5_mean	DAG_NearNadir_SC_7x7_mean	DAG_NearNadir_SC_9x9_mean	DAG_NearNadir_SF_11x11_mean	DAG_NearNadir_SF_1x1_mean	DAG_NearNadir_SF_21x21_mean	DAG_NearNadir_SF_3x3_mean	DAG_NearNadir_SF_5x5_mean	DAG_NearNadir_SF_7x7_mean	DAG_NearNadir_SF_9x9_mean	DAG_OffNadir_SC_11x11_mean	DAG_OffNadir_SC_1x1_mean	DAG_OffNadir_SC_21x21_mean	DAG_OffNadir_SC_3x3_mean	DAG_OffNadir_SC_5x5_mean	DAG_OffNadir_SC_7x7_mean	DAG_OffNadir_SC_9x9_mean	DAG_OffNadir_SF_11x11_mean	DAG_OffNadir_SF_1x1_mean	DAG_OffNadir_SF_21x21_mean	DAG_OffNadir_SF_3x3_mean	DAG_OffNadir_SF_5x5_mean	DAG_OffNadir_SF_7x7_mean	DAG_OffNadir_SF_9x9_mean	Erzurum_AllAngle_SC_mean	Erzurum_AllAngle_SF_mean	Erzurum_NearNadir_SC_mean	Erzurum_NearNadir_SF_mean	Erzurum_OffNadir_SC_mean	Erzurum_OffNadir_SF_mean	TUG_AllAngle_SC_11x11_mean	TUG_AllAngle_SC_1x1_mean	TUG_AllAngle_SC_21x21_mean	TUG_AllAngle_SC_3x3_mean	TUG_AllAngle_SC_5x5_mean	TUG_AllAngle_SC_7x7_mean	TUG_AllAngle_SC_9x9_mean	TUG_AllAngle_SF_11x11_mean	TUG_AllAngle_SF_1x1_mean	TUG_AllAngle_SF_21x21_mean	TUG_AllAngle_SF_3x3_mean	TUG_AllAngle_SF_5x5_mean	TUG_AllAngle_SF_7x7_mean	TUG_AllAngle_SF_9x9_mean	TUG_NearNadir_SC_11x11_mean	TUG_NearNadir_SC_1x1_mean	TUG_NearNadir_SC_21x21_mean	TUG_NearNadir_SC_3x3_mean	TUG_NearNadir_SC_5x5_mean	TUG_NearNadir_SC_7x7_mean	TUG_NearNadir_SC_9x9_mean	TUG_NearNadir_SF_11x11_mean	TUG_NearNadir_SF_1x1_mean	TUG_NearNadir_SF_21x21_mean	TUG_NearNadir_SF_3x3_mean	TUG_NearNadir_SF_5x5_mean	TUG_NearNadir_SF_7x7_mean	TUG_NearNadir_SF_9x9_mean	TUG_OffNadir_SC_11x11_mean	TUG_OffNadir_SC_1x1_mean	TUG_OffNadir_SC_21x21_mean	TUG_OffNadir_SC_3x3_mean	TUG_OffNadir_SC_5x5_mean	TUG_OffNadir_SC_7x7_mean	TUG_OffNadir_SC_9x9_mean	TUG_OffNadir_SF_11x11_mean	TUG_OffNadir_SF_1x1_mean	TUG_OffNadir_SF_21x21_mean	TUG_OffNadir_SF_3x3_mean	TUG_OffNadir_SF_5x5_mean	TUG_OffNadir_SF_7x7_mean	TUG_OffNadir_SF_9x9_mean	Turkiye_AllAngle_SC_mean	Turkiye_AllAngle_SF_mean	Turkiye_NearNadir_SC_mean	Turkiye_NearNadir_SF_mean	Turkiye_OffNadir_SC_mean	Turkiye_OffNadir_SF_mean
2012-01-01	1.007246	1.067370	0.947986	0.965548	0.938366	1.027109	1.041805	0.860887		1.028821	0.992632	0.999817	1.020903	0.584086	0.621637		0.650440	0.637087	0.622128	0.601066	0.709480	0.978777		0.831322	0.820722	0.807464	0.748535	0.584086	0.621637		0.650440	0.637087	0.622128	0.601066	0.638974	0.621637		0.650440	0.654690	0.677337	0.663509	0.584086	0.621637		0.650440	0.637087	0.622128	0.601066	1.012219	0.449796	0.744023	0.427003	0.493619	0.445383	0.565085	0.751661	0.445363	0.577566	0.476992	0.521951	0.566274	0.470787	0.673432	0.361788	0.583592	0.598849	0.511625	0.463606	0.172947	0.000000	0.178402	0.055694	0.062258	0.086559	0.111167	0.187598	0.509715	0.162035	0.249556	0.184678	0.149018	0.141376	0.207992	0.000000	0.174835	0.055694	0.084158	0.130614	0.158064	0.232695	0.505372	0.188771	0.177511	0.211818	0.171751	0.175023	1.270981	0.955720	0.977693	0.773924	0.740727	0.908731
2012-02-01	1.079164	1.115795	1.071576	0.926881	1.047044	1.203625	0.505136	0.548741	0.519971	0.581892	0.481444	0.463319	0.466067	0.621575	0.573215	0.601036	0.629905	0.634669	0.619190	0.611825	0.374729	0.670375	0.432399	0.226184	0.293852	0.306945	0.299368	0.565499	0.573215	0.557625	0.629905	0.624437	0.596459	0.579177	0.578826	0.573215	0.632729	0.658778	0.659586	0.625921	0.597827	0.594502	0.573215	0.582160	0.629905	0.634669	0.616395	0.600489	0.576641	0.501999	0.632667	0.412231	0.574311	0.478665	0.297138	0.634004	0.203829	0.468959	0.327845	0.282545	0.303944	0.498546	0.950967	0.371853	0.935788	0.814769	0.629506	0.536151	0.172523	0.000000	0.139417	0.063258	0.112188	0.083349	0.129374	0.194239	0.565302	0.142879	0.177904	0.154463	0.160096	0.169591	0.248228	0.565302	0.169772	0.235135	0.199862	0.191076	0.268150	0.352273	0.944148	0.276397	0.668911	0.493345	0.418599	0.370322	1.002569	0.933757	0.936938	0.805654	0.914019	1.007941
2012-03-01	1.079538	1.135246	1.051901	1.006299	1.061350	1.242239	0.458577	0.672606		0.577551	0.517478	0.468875	0.454041	0.544125	0.543643		0.613747	0.564425	0.538363	0.545245	0.525904	0.726823		0.695693	0.652582	0.572614	0.541450	0.507782	0.543643		0.642212	0.570103	0.512097	0.507316	0.614801	0.669583		0.651520	0.609455	0.582963	0.612757	0.439112	0.543643		0.593555	0.501739	0.458522	0.438091	0.328587	0.422453	0.318420	0.322479	0.385559	0.370242	0.183459	0.588595	0.153340	0.390408	0.283594	0.179993	0.189573	0.455755	0.812469	0.427549	0.344174	0.381009	0.361189	0.402299	0.146648	0.000000	0.105645	0.139396	0.092920	0.047408	0.099967	0.271706	0.631859	0.217659	0.317426	0.252725	0.150405	0.195341	0.357517	0.524688	0.243767	0.433958	0.381476	0.368946	0.367969	0.480181	0.764772	0.501994	0.349195	0.384173	0.311171	0.375531	0.809462	0.848287	0.795855	0.728215	0.795224	0.976678
2012-04-01	1.108558	1.110373	1.105228	0.997845	1.103967	1.245415	0.171658	0.000000	0.221861	0.312907	0.241546	0.195909	0.169750	0.105091	0.000000	0.162799	0.058117	0.168860	0.151919	0.138092	0.089694	0.000000	0.155325	0.000000	0.111700	0.069802	0.062208	0.000000	0.000000	0.086114	0.000000	0.000000	0.000000	0.000000	0.342159	0.558058	0.326532	0.379509	0.372008	0.352383	0.322473	0.261458	0.603611	0.284238	0.318249	0.275532	0.295402	0.285162	0.239680	0.234175	0.226231	0.213855	0.236972	0.334061	0.086365	0.000000	0.092517	0.065498	0.064897	0.043738	0.055767	0.114176	0.000000	0.150364	0.059602	0.084312	0.053465	0.069343	0.091085	0.000000	0.092339	0.065498	0.064777	0.033050	0.062818	0.069904	0.000000	0.071093	0.000000	0.045084	0.033401	0.034242	0.085250	0.000000	0.089207	0.000000	0.020098	0.010254	0.042589	0.267964	0.000000	0.323869	0.178360	0.173716	0.177511	0.196713	0.779746	0.766115	0.754701	0.694712	0.755991	0.899541
2012-05-01	1.129558	1.167566	1.119686	0.983494	1.119367	1.310331	0.076233	0.000000	0.105190	0.058063	0.042062	0.089665	0.083771	0.343028	0.576352	0.358301	0.495048	0.424301	0.398234	0.373512	0.040145	0.000000	0.078324	0.058063	0.020903	0.043582	0.038846	0.143655	0.000000	0.211060	0.056166	0.084454	0.095286	0.122450	0.021963	0.000000	0.073336	0.000000	0.000000	0.010355	0.012465	0.485090	0.687192	0.520374	0.638823	0.553281	0.506872	0.489514	0.235500	0.259932	0.215579	0.228310	0.214687	0.349538	0.103632	0.000000	0.126601	0.000000	0.000000	0.000000	0.029433	0.167281	0.000000	0.189966	0.055791	0.103489	0.074202	0.099236	0.103632	0.000000	0.125145	0.000000	0.000000	0.000000	0.029433	0.080605	0.000000	0.099705	0.065925	0.023733	0.022911	0.022887	0.103632	0.000000	0.125145	0.000000	0.000000	0.000000	0.029433	0.264842	0.000000	0.316457	0.056980	0.063072	0.067829	0.119324	0.807316	0.853379	0.801024	0.750689	0.800925	0.984690
2012-06-01	1.184106	1.185960	1.182403	1.075158	1.182348	1.235990	0.000000	0.000000	0.066377	0.000000	0.000000	0.000000	0.000000	0.004188	0.000000	0.077183	0.000000	0.000000	0.000000	0.000000	0.000000	0.000000	0.066377	0.000000	0.000000	0.000000	0.000000	0.009159	0.000000	0.068462	0.000000	0.000000	0.000000	0.000000	0.000000	0.000000	0.066377	0.000000	0.000000	0.000000	0.000000	0.032359	0.507932	0.115034	0.174986	0.062995	0.032140	0.038599	0.233943	0.238569	0.232880	0.228476	0.232558	0.323366	0.136431	0.000000	0.182453	0.000000	0.000000	0.000000	0.022944	0.142454	0.000000	0.200387	0.000000	0.000000	0.000000	0.040511	0.132676	0.000000	0.181423	0.000000	0.000000	0.000000	0.019994	0.157585	0.000000	0.185242	0.064942	0.114877	0.079297	0.098147	0.132676	0.000000	0.181423	0.000000	0.000000	0.000000	0.019994	0.188353	0.000000	0.240091	0.000000	0.021816	0.011131	0.056386	0.800745	0.793324	0.800198	0.717998	0.800129	0.914971
2012-07-01	1.126581	1.111998	1.123374	1.043748	1.123374	1.158640	0.013186	0.000000	0.094355	0.000000	0.000000	0.000000	0.000000	0.018369	0.000000	0.114414	0.000000	0.000000	0.000000	0.000000	0.013186	0.000000	0.094355	0.000000	0.000000	0.000000	0.000000	0.009117	0.000000	0.104577	0.000000	0.000000	0.000000	0.006331	0.013186	0.000000	0.094355	0.000000	0.000000	0.000000	0.000000	0.041507	0.000000	0.188555	0.000000	0.042161	0.021511	0.013013	0.250506	0.259764	0.249163	0.228810	0.249208	0.349104	0.188962	0.000000	0.208980	0.000000	0.000000	0.000000	0.041600	0.134352	0.000000	0.179238	0.000000	0.000000	0.000000	0.041145	0.195664	0.000000	0.212040	0.000000	0.000000	0.000000	0.041600	0.095234	0.000000	0.146110	0.000000	0.000000	0.000000	0.023989	0.195664	0.000000	0.211311	0.000000	0.000000	0.000000	0.041600	0.161212	0.000000	0.213505	0.066254	0.023852	0.012169	0.056194	0.767594	0.766042	0.767223	0.704421	0.767327	0.859009
2012-08-01	1.142253	1.137063	1.142174	1.074524	1.142178	1.175980	0.000000	0.000000	0.094732	0.000000	0.000000	0.000000	0.000000	0.000000	0.000000	0.095945	0.000000	0.000000	0.000000	0.000000	0.000000	0.000000	0.086467	0.000000	0.000000	0.000000	0.000000	0.000000	0.000000	0.092499	0.000000	0.000000	0.000000	0.000000	0.000000	0.000000	0.085142	0.000000	0.000000	0.000000	0.000000	0.000000	0.000000	0.102911	0.000000	0.000000	0.000000	0.000000	0.243647	0.239458	0.240388	0.223653	0.240415	0.267448	0.146999	0.000000	0.177570	0.000000	0.000000	0.000000	0.036754	0.111111	0.000000	0.165622	0.000000	0.000000	0.000000	0.042369	0.146999	0.000000	0.177570	0.000000	0.000000	0.000000	0.036754	0.064928	0.000000	0.111696	0.000000	0.000000	0.000000	0.024933	0.146999	0.000000	0.177570	0.000000	0.000000	0.000000	0.036754	0.141383	0.000000	0.206559	0.000000	0.000000	0.000000	0.047756	0.767479	0.759071	0.762474	0.702755	0.762357	0.820751
2012-09-01	1.180879	1.168594	1.180765	1.066323	1.180775	1.242340	0.000000	0.000000	0.093695	0.000000	0.000000	0.000000	0.000000	0.004390	0.000000	0.098736	0.000000	0.000000	0.000000	0.000000	0.000000	0.000000	0.093695	0.000000	0.000000	0.000000	0.000000	0.005217	0.000000	0.113083	0.000000	0.000000	0.000000	0.000000	0.000000	0.000000	0.093695	0.000000	0.000000	0.000000	0.000000	0.008845	0.000000	0.114504	0.000000	0.000000	0.000000	0.006716	0.244128	0.246852	0.244320	0.223307	0.244109	0.287059	0.125294	0.000000	0.215994	0.000000	0.000000	0.000000	0.015217	0.118487	0.000000	0.199139	0.000000	0.000000	0.000000	0.023564	0.125294	0.000000	0.215994	0.000000	0.000000	0.000000	0.015217	0.079322	0.000000	0.150824	0.000000	0.000000	0.000000	0.014530	0.125294	0.000000	0.215994	0.000000	0.000000	0.000000	0.015217	0.170639	0.000000	0.270839	0.000000	0.000000	0.023608	0.056716	0.785078	0.785631	0.785032	0.713722	0.785038	0.865025
2012-10-01	1.197475	1.188877	1.187672	0.980690	1.187694	1.385770	0.000000	0.000000	0.081485	0.000000	0.000000	0.000000	0.000000	0.004143	0.000000	0.089626	0.000000	0.000000	0.000000	0.000000	0.000000	0.000000	0.081485	0.000000	0.000000	0.000000	0.000000	0.039949	0.000000	0.140885	0.000000	0.023331	0.023582	0.024649	0.000000	0.000000	0.081485	0.000000	0.000000	0.000000	0.000000	0.056387	0.000000	0.183455	0.000000	0.023882	0.056105	0.067206	0.239175	0.226691	0.238658	0.224304	0.238616	0.292792	0.148059	0.000000	0.193786	0.000000	0.000000	0.000000	0.031893	0.180888	0.000000	0.246456	0.055763	0.040899	0.042964	0.082323	0.148059	0.000000	0.195062	0.000000	0.000000	0.000000	0.031893	0.050450	0.000000	0.116611	0.063137	0.022729	0.011597	0.007015	0.148059	0.000000	0.206710	0.000000	0.000000	0.000000	0.031893	0.366364	0.000000	0.445887	0.178834	0.177570	0.199500	0.258396	0.794019	0.804762	0.790903	0.700717	0.790883	0.980205
2012-11-01	1.126654	1.100190	1.125913	1.099820	1.125818	1.137230	0.056446	0.000000	0.104779	0.000000	0.020734	0.042679	0.041420	0.037736	0.000000	0.126373	0.141913	0.072331	0.036904	0.041370	0.041912	0.000000	0.086607	0.000000	0.020674	0.055057	0.033306	0.023060	0.000000	0.104032	0.000000	0.041363	0.021104	0.019354	0.014587	0.000000	0.079117	0.000000	0.000000	0.013470	0.014630	0.127348	0.510740	0.203078	0.330526	0.233650	0.141040	0.120860	0.243471	0.236875	0.242861	0.229377	0.236639	0.279462	0.095689	0.000000	0.149295	0.000000	0.000000	0.000000	0.013449	0.099339	0.000000	0.148636	0.000000	0.046681	0.023817	0.038961	0.095689	0.000000	0.149295	0.000000	0.000000	0.000000	0.013449	0.179445	0.000000	0.231226	0.181347	0.222051	0.191563	0.178546	0.095689	0.000000	0.149295	0.000000	0.000000	0.000000	0.013449	0.122890	0.000000	0.194884	0.000000	0.068760	0.035082	0.068427	0.756060	0.731476	0.754556	0.689453	0.753591	0.812372
2012-12-01	1.068939	0.991548	1.063076	0.977745	1.050152	1.065617	0.210063	0.517329	0.291891	0.249320	0.293317	0.219066	0.207585	0.099525	0.000000	0.183732	0.055682	0.197453	0.139789	0.115422	0.194197	0.000000	0.359363	0.091852	0.180048	0.209016	0.200744	0.064277	0.000000	0.159354	0.055682	0.168857	0.125199	0.081997	0.367066	0.601637	0.367621	0.649957	0.547782	0.440178	0.384303	0.067898	0.000000	0.131146	0.055682	0.150230	0.086993	0.068177	0.481981	0.322678	0.519182	0.427132	0.400362	0.312596	0.049122	0.000000	0.092802	0.000000	0.000000	0.019280	0.011663	0.209890	0.634198	0.143780	0.273607	0.284459	0.216298	0.204608	0.075791	0.000000	0.116278	0.063251	0.022770	0.011617	0.007028	0.080535	0.000000	0.105750	0.000000	0.000000	0.010270	0.032757	0.068459	0.000000	0.105852	0.000000	0.000000	0.000000	0.018858	0.216231	0.000000	0.171368	0.103967	0.171109	0.178123	0.200594	0.766370	0.664997	0.762443	0.690989	0.734099	0.731215
2013-01-01	1.071795	1.002505	1.077175	0.981507	1.065968	1.093104	0.109772	0.000000	0.211392	0.000000	0.024554	0.071437	0.106195	0.201496	0.000000	0.251128	0.000000	0.072137	0.192570	0.211892	0.303975	0.000000	0.367556	0.058890	0.042780	0.151089	0.209125	0.074674	0.000000	0.185221	0.000000	0.043915	0.064522	0.073210	0.098643	0.000000	0.275504	0.000000	0.043915	0.064522	0.066672	0.166651	0.000000	0.229629	0.000000	0.043915	0.149760	0.179393	0.484559	0.391113	0.593594	0.358261	0.490076	0.370748	0.063575	0.000000	0.066599	0.056989	0.043176	0.022028	0.042065	0.134302	0.577216	0.136083	0.064135	0.074870	0.077937	0.107083	0.163246	0.000000	0.116819	0.190430	0.137130	0.145584	0.146146	0.102209	0.000000	0.097771	0.000000	0.000000	0.022237	0.059353	0.054137	0.000000	0.068841	0.000000	0.000000	0.000000	0.017225	0.071928	0.577216	0.123756	0.120055	0.043220	0.033420	0.052925	0.988729	0.732595	0.918205	0.747036	0.767088	0.776978
2013-02-01	1.044098	1.010452	1.042058	0.957287	1.036905	1.012335	0.204934	0.000000	0.285367	0.115572	0.131354	0.201663	0.218133	0.214409	0.000000	0.196820	0.082147	0.148581	0.214665	0.227625	0.034195	0.000000	0.261916	0.000000	0.020105	0.010258	0.020685	0.206243	0.000000	0.188545	0.082147	0.148581	0.223436	0.234749	0.027847	0.000000	0.127192	0.000000	0.000000	0.000000	0.020214	0.038952	0.000000	0.138442	0.000000	0.000000	0.000000	0.020214	0.433753	0.366061	0.533861	0.347745	0.324820	0.322843	0.038430	0.000000	0.045114	0.000000	0.000000	0.000000	0.021646	0.060299	0.000000	0.063346	0.061697	0.022211	0.011332	0.026261	0.043117	0.000000	0.039265	0.000000	0.000000	0.000000	0.024398	0.021919	0.000000	0.042289	0.000000	0.000000	0.000000	0.008956	0.041669	0.000000	0.037729	0.000000	0.026308	0.013422	0.031666	0.050375	0.000000	0.055241	0.000000	0.000000	0.000000	0.013935	0.755316	0.711052	0.756891	0.679522	0.730490	0.736172
2013-03-01	1.120041	1.116938	1.122201	1.090384	1.118054	1.143557	0.272380	0.000000	0.314413	0.397521	0.345785	0.279604	0.266692	0.124607	0.000000	0.179087	0.190446	0.148923	0.147530	0.134158	0.250312	0.506607	0.285033	0.351211	0.361456	0.329382	0.304779	0.062836	0.000000	0.121995	0.000000	0.022435	0.047157	0.062792	0.126039	0.000000	0.147871	0.000000	0.067209	0.107513	0.121841	0.125976	0.000000	0.171988	0.190446	0.148923	0.150202	0.135775	0.429251	0.291118	0.553211	0.291909	0.301857	0.275406	0.029702	0.000000	0.043569	0.066279	0.069284	0.035349	0.021384	0.008472	0.000000	0.030212	0.000000	0.000000	0.000000	0.000000	0.040571	0.000000	0.047134	0.000000	0.000000	0.021254	0.019087	0.028160	0.000000	0.031750	0.000000	0.000000	0.000000	0.013962	0.009964	0.000000	0.014549	0.000000	0.000000	0.000000	0.000000	0.004533	0.000000	0.030784	0.000000	0.000000	0.000000	0.000000	0.783032	0.764083	0.786823	0.734958	0.764175	0.791852
2013-04-01	1.159871	1.146359	1.154021	1.089469	1.154035	1.244190	0.102743	0.000000	0.147054	0.125520	0.169243	0.123179	0.093549	0.128580	0.856845	0.164959	0.405249	0.197174	0.153896	0.134829	0.098567	0.000000	0.146624	0.123999	0.087532	0.105342	0.088798	0.124480	0.000000	0.133730	0.215235	0.146584	0.148373	0.148781	0.171344	0.703473	0.167388	0.390262	0.231241	0.161206	0.179628	0.231676	0.856845	0.266444	0.436823	0.255259	0.240135	0.241698	0.257323	0.235128	0.253249	0.222512	0.247955	0.263402	0.034685	0.000000	0.068866	0.065506	0.023582	0.012032	0.007278	0.055987	0.000000	0.113330	0.000000	0.000000	0.000000	0.000000	0.029813	0.000000	0.067529	0.000000	0.000000	0.000000	0.000000	0.055219	0.000000	0.117515	0.000000	0.000000	0.000000	0.015412	0.029813	0.000000	0.067529	0.000000	0.000000	0.000000	0.000000	0.107041	0.000000	0.189708	0.000000	0.000000	0.011666	0.007057	0.792044	0.780472	0.788842	0.739266	0.788410	0.833134
2013-05-01	1.312207	1.336266	1.306762	1.287393	1.305809	1.391947	0.503269	0.663442	0.583649	0.673826	0.539632	0.545684	0.508295	0.000000	0.000000	0.076991	0.000000	0.000000	0.000000	0.000000	0.000000	0.000000	0.081403	0.000000	0.000000	0.000000	0.000000	0.044797	0.000000	0.138143	0.220659	0.148605	0.100046	0.066919	0.000000	0.000000	0.076695	0.000000	0.000000	0.000000	0.000000	0.004312	0.000000	0.086695	0.000000	0.000000	0.000000	0.000000	0.433763	0.273399	0.280791	0.289690	0.268868	0.329497	0.138263	0.000000	0.183871	0.000000	0.000000	0.000000	0.036572	0.148549	0.000000	0.231372	0.057909	0.020847	0.010636	0.059117	0.138263	0.000000	0.182329	0.000000	0.000000	0.000000	0.036572	0.095299	0.000000	0.207366	0.000000	0.000000	0.010263	0.036035	0.138263	0.000000	0.182329	0.000000	0.000000	0.000000	0.036572	0.205686	0.000000	0.233187	0.190831	0.089204	0.057625	0.108169	0.888102	0.901315	0.872890	0.852111	0.866650	0.980053
2013-06-01	1.349539	1.353660	1.349118	1.247632	1.349123	1.436865	0.017211	0.000000	0.098650	0.000000	0.000000	0.030827	0.018648	0.000000	0.000000	0.082312	0.000000	0.000000	0.000000	0.000000	0.000000	0.000000	0.076707	0.000000	0.000000	0.000000	0.000000	0.000000	0.000000	0.105713	0.000000	0.000000	0.000000	0.000000	0.000000	0.000000	0.076707	0.000000	0.000000	0.000000	0.000000	0.334232	0.000000	0.384099	0.186203	0.211609	0.334289	0.326144	0.276753	0.264472	0.261288	0.252088	0.261305	0.453780	0.120385	0.000000	0.189377	0.000000	0.000000	0.000000	0.043635	0.120074	0.000000	0.204763	0.000000	0.000000	0.000000	0.044612	0.120385	0.000000	0.189377	0.000000	0.000000	0.000000	0.043635	0.094312	0.000000	0.162736	0.124095	0.044674	0.022793	0.058265	0.120385	0.000000	0.189377	0.000000	0.000000	0.000000	0.043635	0.157813	0.000000	0.268683	0.000000	0.040826	0.042524	0.084794	0.868327	0.852640	0.864578	0.791247	0.864510	1.000508
2013-07-01	1.273633	1.268493	1.273607	1.166773	1.273616	1.326288	0.000000	0.000000	0.071808	0.000000	0.000000	0.000000	0.000000	0.000000	0.000000	0.072440	0.000000	0.000000	0.000000	0.000000	0.000000	0.000000	0.071808	0.000000	0.000000	0.000000	0.000000	0.010304	0.000000	0.077637	0.000000	0.000000	0.000000	0.000000	0.000000	0.000000	0.071808	0.000000	0.000000	0.000000	0.000000	0.004430	0.000000	0.093127	0.000000	0.000000	0.000000	0.000000	0.268175	0.278385	0.267384	0.259648	0.267377	0.312266	0.054390	0.000000	0.206856	0.000000	0.000000	0.000000	0.028405	0.055199	0.000000	0.219841	0.000000	0.000000	0.000000	0.028875	0.054390	0.000000	0.204861	0.000000	0.000000	0.000000	0.028405	0.041859	0.000000	0.143938	0.000000	0.000000	0.000000	0.013958	0.054390	0.000000	0.204861	0.000000	0.000000	0.000000	0.028405	0.066176	0.000000	0.255608	0.000000	0.000000	0.000000	0.044577	0.866588	0.868006	0.866127	0.795671	0.866102	0.956235
2013-08-01	1.257709	1.253858	1.257780	1.161057	1.257771	1.276069	0.000000	0.000000	0.056578	0.000000	0.000000	0.000000	0.000000	0.000000	0.000000	0.069161	0.000000	0.000000	0.000000	0.000000	0.000000	0.000000	0.056578	0.000000	0.000000	0.000000	0.000000	0.012112	0.000000	0.082436	0.000000	0.000000	0.000000	0.000000	0.000000	0.000000	0.056578	0.000000	0.000000	0.000000	0.000000	0.000000	0.000000	0.075381	0.000000	0.000000	0.000000	0.000000	0.259954	0.263719	0.259780	0.247741	0.259784	0.302742	0.042499	0.000000	0.124583	0.000000	0.000000	0.000000	0.022597	0.045078	0.000000	0.119001	0.000000	0.000000	0.000000	0.023761	0.042499	0.000000	0.124583	0.000000	0.000000	0.000000	0.022597	0.029714	0.000000	0.110393	0.000000	0.000000	0.000000	0.006552	0.042499	0.000000	0.125882	0.000000	0.000000	0.000000	0.022597	0.048877	0.000000	0.130197	0.000000	0.000000	0.000000	0.026801	0.827507	0.827396	0.827329	0.769731	0.827349	0.887672
2013-09-01	1.280994	1.272618	1.280971	1.173143	1.280978	1.343956	0.000000	0.000000	0.060342	0.000000	0.000000	0.000000	0.000000	0.000000	0.000000	0.061020	0.000000	0.000000	0.000000	0.000000	0.000000	0.000000	0.060342	0.000000	0.000000	0.000000	0.000000	0.004833	0.000000	0.068495	0.000000	0.000000	0.000000	0.000000	0.000000	0.000000	0.060342	0.000000	0.000000	0.000000	0.000000	0.004581	0.000000	0.100501	0.000000	0.000000	0.000000	0.000000	0.253967	0.259807	0.253146	0.240376	0.253155	0.299571	0.047471	0.000000	0.224681	0.000000	0.000000	0.000000	0.022358	0.040571	0.000000	0.221306	0.000000	0.000000	0.000000	0.022860	0.040758	0.000000	0.218384	0.000000	0.000000	0.000000	0.022358	0.028117	0.000000	0.127479	0.057963	0.020867	0.010646	0.006440	0.040758	0.000000	0.218384	0.000000	0.000000	0.000000	0.022358	0.052669	0.000000	0.280854	0.000000	0.000000	0.000000	0.025799	0.842787	0.843905	0.842551	0.776319	0.842507	0.934269
2013-10-01	1.327273	1.312816	1.325493	1.206088	1.325500	1.438837	0.072754	0.000000	0.149580	0.057056	0.107085	0.077838	0.094726	0.203466	0.626590	0.210546	0.376576	0.279589	0.281559	0.233762	0.032860	0.000000	0.119902	0.064128	0.023086	0.034468	0.027421	0.241385	0.680655	0.208709	0.215623	0.260277	0.321226	0.277896	0.076772	0.000000	0.128079	0.068864	0.077555	0.082518	0.077020	0.546189	0.669324	0.508154	0.683855	0.619865	0.588313	0.561750	0.275176	0.281063	0.271014	0.273814	0.268724	0.369394	0.032714	0.000000	0.225786	0.000000	0.000000	0.000000	0.017501	0.038407	0.000000	0.200229	0.000000	0.000000	0.000000	0.017430	0.032714	0.000000	0.225786	0.000000	0.000000	0.000000	0.017501	0.044599	0.000000	0.128402	0.056429	0.060828	0.031035	0.041584	0.032714	0.000000	0.225786	0.000000	0.000000	0.000000	0.017501	0.120142	0.504675	0.269186	0.111766	0.082088	0.118130	0.111349	0.881843	0.888126	0.879808	0.792188	0.879252	1.090470
2013-11-01	1.349760	1.326491	1.345400	1.171714	1.345272	1.353689	0.248783	0.000000	0.413530	0.226666	0.339803	0.350405	0.287552	0.309286	0.591171	0.308785	0.433115	0.397611	0.320769	0.300506	0.153254	0.000000	0.224144	0.132839	0.098166	0.134110	0.154859	0.144536	0.679588	0.237918	0.284731	0.134291	0.135033	0.124679	0.151430	0.000000	0.211051	0.058091	0.119139	0.136303	0.157134	0.712730	0.839338	0.681175	0.822667	0.799097	0.769610	0.739810	0.534189	0.297317	0.271279	0.275525	0.289144	0.489778	0.043643	0.000000	0.274214	0.000000	0.000000	0.000000	0.035021	0.087930	0.000000	0.293094	0.059357	0.085567	0.065697	0.070969	0.043643	0.000000	0.274214	0.000000	0.000000	0.000000	0.035021	0.025629	0.000000	0.229085	0.000000	0.023756	0.012121	0.019946	0.054096	0.000000	0.274125	0.000000	0.000000	0.000000	0.035021	0.073794	0.000000	0.223840	0.063593	0.066785	0.034074	0.042421	0.883876	0.868356	0.865847	0.800686	0.865277	0.972088
2013-12-01	1.247269	1.214043	1.241368	1.128049	1.237964	1.275967	0.216890	0.000000	0.367080	0.118214	0.112281	0.149103	0.177805	0.381832	0.596397	0.520263	0.577677	0.475422	0.400284	0.387953	0.201141	0.710917	0.379515	0.206697	0.118925	0.171965	0.184701	0.339570	0.596397	0.429813	0.531472	0.458789	0.391798	0.354105	0.143702	0.000000	0.295247	0.076306	0.082882	0.119897	0.117482	0.259931	0.596397	0.411095	0.322815	0.198494	0.206258	0.235138	0.569219	0.568300	0.681929	0.464232	0.499970	0.517636	0.216000	0.000000	0.251408	0.194079	0.215279	0.212286	0.215293	0.174421	0.724306	0.181903	0.439821	0.282883	0.265132	0.206941	0.102043	0.000000	0.150381	0.343774	0.254547	0.156445	0.124901	0.108377	1.069019	0.139109	0.291688	0.244916	0.146805	0.121191	0.066874	0.000000	0.148469	0.065420	0.023551	0.022599	0.065641	0.269041	0.619810	0.218521	0.541721	0.329191	0.284478	0.273918	1.000685	1.006076	1.009666	0.904950	0.926080	1.017349
2014-01-01	1.141283	1.091454	1.136003	1.061907	1.134853	1.179173	0.028421	0.000000	0.107126	0.000000	0.000000	0.000000	0.020258	0.230767	1.162952	0.314551	0.210077	0.205602	0.267407	0.251661	0.000000	0.000000	0.126799	0.000000	0.000000	0.000000	0.000000	0.053806	0.000000	0.160139	0.000000	0.031108	0.043839	0.033115	0.065833	0.000000	0.169776	0.072350	0.123398	0.098860	0.059804	0.102676	0.000000	0.207648	0.000000	0.000000	0.036249	0.083217	0.406022	0.439385	0.437437	0.397386	0.402540	0.432421	0.044023	0.000000	0.109025	0.000000	0.020816	0.010620	0.030158	0.145109	0.000000	0.147158	0.081505	0.053776	0.092741	0.126932	0.054227	0.000000	0.107505	0.000000	0.021411	0.021367	0.053410	0.065191	0.000000	0.090483	0.000000	0.000000	0.012388	0.047926	0.047094	0.000000	0.101276	0.000000	0.022957	0.032887	0.041753	0.193660	0.000000	0.201057	0.056173	0.044119	0.109237	0.147025	0.830751	0.757008	0.832039	0.705322	0.824600	0.815335
2014-02-01	1.202212	1.201526	1.196936	1.155422	1.195788	1.227652	0.061789	0.000000	0.154791	0.064766	0.044171	0.033449	0.052953	0.178849	0.000000	0.326102	0.258372	0.189977	0.158639	0.152289	0.068871	0.000000	0.200885	0.127850	0.143250	0.095787	0.064449	0.152160	0.000000	0.323910	0.119156	0.084619	0.069366	0.094388	0.096000	0.000000	0.187297	0.129878	0.092709	0.081663	0.086019	0.077682	0.000000	0.180286	0.119156	0.084619	0.053587	0.060470	0.383800	0.353636	0.399953	0.350350	0.376493	0.334497	0.076703	0.000000	0.079704	0.149784	0.144911	0.084421	0.098181	0.121520	0.629441	0.059048	0.190639	0.193739	0.123436	0.123746	0.077088	0.000000	0.046652	0.000000	0.126440	0.089645	0.078626	0.053356	0.000000	0.041001	0.000000	0.000000	0.013099	0.045903	0.052724	0.000000	0.044113	0.127274	0.091279	0.046571	0.053757	0.090285	0.725674	0.059388	0.140789	0.118033	0.076754	0.071035	0.847160	0.829235	0.836183	0.781337	0.835423	0.851758
2014-03-01	1.254323	1.261417	1.248855	1.202362	1.246747	1.271441	0.018369	0.000000	0.134992	0.059943	0.021580	0.011010	0.006660	0.079454	0.000000	0.136524	0.000000	0.138936	0.094611	0.083228	0.004680	0.000000	0.152701	0.000000	0.000000	0.000000	0.000000	0.015775	0.000000	0.072920	0.000000	0.000000	0.000000	0.000000	0.057346	0.000000	0.170400	0.057562	0.043428	0.022157	0.029045	0.022635	0.000000	0.115376	0.000000	0.045800	0.034673	0.033813	0.407544	0.237621	0.449488	0.250480	0.282076	0.248878	0.056752	0.000000	0.043288	0.000000	0.000000	0.032326	0.063256	0.015609	0.000000	0.025821	0.000000	0.000000	0.000000	0.007467	0.029915	0.000000	0.032441	0.000000	0.000000	0.000000	0.029188	0.014100	0.000000	0.020929	0.000000	0.000000	0.000000	0.000000	0.014965	0.000000	0.021533	0.000000	0.000000	0.000000	0.006855	0.025250	0.000000	0.026119	0.000000	0.021064	0.010747	0.021133	0.823716	0.796849	0.815938	0.758049	0.808185	0.867852
2014-04-01	1.306042	1.271461	1.301972	1.197398	1.302078	1.328995	0.036675	0.000000	0.179279	0.059091	0.021273	0.021591	0.026304	0.236350	0.702752	0.147129	0.384936	0.338003	0.277040	0.256187	0.077148	0.000000	0.152077	0.061557	0.022161	0.047400	0.057081	0.088063	0.000000	0.189456	0.171797	0.146077	0.107957	0.078138	0.068468	0.000000	0.161565	0.057442	0.064369	0.055404	0.067718	0.326150	0.702752	0.225275	0.504416	0.399978	0.386864	0.362858	0.278011	0.242489	0.233066	0.222069	0.235243	0.297168	0.020614	0.000000	0.072385	0.000000	0.000000	0.000000	0.000000	0.036160	0.000000	0.094696	0.000000	0.000000	0.000000	0.020713	0.015358	0.000000	0.061811	0.000000	0.000000	0.000000	0.000000	0.004505	0.000000	0.046752	0.000000	0.000000	0.000000	0.000000	0.019954	0.000000	0.068160	0.000000	0.000000	0.000000	0.000000	0.037012	0.000000	0.109797	0.000000	0.000000	0.000000	0.014155	0.869884	0.852204	0.855156	0.778131	0.855317	0.950943
2014-05-01	1.334842	1.312920	1.333180	1.200850	1.333134	1.413030	0.044921	0.000000	0.064841	0.000000	0.078721	0.063660	0.053852	0.000000	0.000000	0.045951	0.000000	0.000000	0.000000	0.000000	0.000000	0.000000	0.038563	0.000000	0.000000	0.000000	0.000000	0.004239	0.000000	0.025235	0.000000	0.000000	0.000000	0.000000	0.000000	0.000000	0.035309	0.000000	0.000000	0.000000	0.000000	0.310168	0.551110	0.315682	0.381244	0.397460	0.419729	0.371312	0.259752	0.247856	0.252601	0.231149	0.253138	0.308436	0.004903	0.000000	0.075975	0.000000	0.000000	0.000000	0.000000	0.019451	0.000000	0.069648	0.000000	0.000000	0.000000	0.006750	0.004903	0.000000	0.061340	0.000000	0.000000	0.000000	0.000000	0.014324	0.000000	0.088645	0.000000	0.000000	0.011094	0.006711	0.004903	0.000000	0.061340	0.000000	0.000000	0.000000	0.000000	0.062657	0.000000	0.116414	0.000000	0.000000	0.022693	0.043227	0.916379	0.916981	0.913636	0.828274	0.913577	1.045181
2014-06-01	1.331770	1.325184	1.331826	1.235796	1.331824	1.378214	0.000000	0.000000	0.020253	0.000000	0.000000	0.000000	0.000000	0.000000	0.000000	0.025863	0.000000	0.000000	0.000000	0.000000	0.000000	0.000000	0.020253	0.000000	0.000000	0.000000	0.000000	0.000000	0.000000	0.020367	0.000000	0.000000	0.000000	0.000000	0.000000	0.000000	0.020253	0.000000	0.000000	0.000000	0.000000	0.008387	0.000000	0.063844	0.000000	0.000000	0.010213	0.006179	0.242321	0.243543	0.241927	0.237130	0.241857	0.313014	0.004426	0.000000	0.112036	0.000000	0.000000	0.000000	0.000000	0.014523	0.000000	0.120357	0.000000	0.000000	0.000000	0.000000	0.004426	0.000000	0.113277	0.000000	0.000000	0.000000	0.000000	0.014421	0.000000	0.088927	0.000000	0.000000	0.000000	0.000000	0.004426	0.000000	0.113277	0.000000	0.000000	0.000000	0.000000	0.028927	0.000000	0.170955	0.000000	0.000000	0.010281	0.022271	0.873619	0.844159	0.873205	0.799953	0.873083	0.931471
2014-07-01	1.360704	1.360785	1.357962	1.247181	1.357983	1.415774	0.000000	0.000000	0.032395	0.000000	0.000000	0.000000	0.000000	0.000000	0.000000	0.033778	0.000000	0.000000	0.000000	0.000000	0.000000	0.000000	0.032395	0.000000	0.000000	0.000000	0.000000	0.000000	0.000000	0.037211	0.000000	0.000000	0.000000	0.000000	0.000000	0.000000	0.032395	0.000000	0.000000	0.000000	0.000000	0.030614	0.000000	0.076699	0.122332	0.044039	0.022469	0.026623	0.271761	0.276716	0.271374	0.252932	0.271338	0.337027	0.044490	0.000000	0.110646	0.000000	0.000000	0.000000	0.025984	0.045247	0.000000	0.108493	0.000000	0.000000	0.000000	0.026063	0.044490	0.000000	0.110646	0.000000	0.000000	0.000000	0.025984	0.034260	0.000000	0.085446	0.000000	0.000000	0.000000	0.023295	0.044490	0.000000	0.110497	0.000000	0.000000	0.000000	0.025984	0.070749	0.000000	0.166269	0.000000	0.041274	0.033118	0.052796	0.885785	0.887821	0.883865	0.813624	0.883825	0.988820
2014-08-01	1.287707	1.278843	1.287499	1.206982	1.287545	1.297165	0.008929	0.000000	0.010611	0.000000	0.000000	0.000000	0.006733	0.000000	0.000000	0.010986	0.000000	0.000000	0.000000	0.000000	0.000000	0.000000	0.008161	0.000000	0.000000	0.000000	0.000000	0.000000	0.000000	0.009128	0.000000	0.000000	0.000000	0.000000	0.000000	0.000000	0.008161	0.000000	0.000000	0.000000	0.000000	0.000000	0.000000	0.011631	0.000000	0.000000	0.000000	0.000000	0.246158	0.249839	0.246055	0.242948	0.246091	0.265714	0.043942	0.000000	0.185394	0.000000	0.000000	0.000000	0.023388	0.045269	0.000000	0.180220	0.000000	0.000000	0.000000	0.023789	0.043942	0.000000	0.185394	0.000000	0.000000	0.000000	0.023388	0.024333	0.000000	0.118299	0.000000	0.000000	0.000000	0.006808	0.043942	0.000000	0.185394	0.000000	0.000000	0.000000	0.023388	0.051362	0.000000	0.217248	0.000000	0.000000	0.000000	0.033602	0.850777	0.847481	0.850464	0.783911	0.850440	0.911622
2014-09-01	1.293507	1.293814	1.286431	1.236679	1.286791	1.313592	0.000000	0.000000	0.036539	0.000000	0.000000	0.000000	0.000000	0.000000	0.000000	0.019927	0.000000	0.000000	0.000000	0.000000	0.000000	0.000000	0.014993	0.000000	0.000000	0.000000	0.000000	0.000000	0.000000	0.010591	0.000000	0.000000	0.000000	0.000000	0.000000	0.000000	0.014993	0.000000	0.000000	0.000000	0.000000	0.009426	0.000000	0.031991	0.000000	0.000000	0.000000	0.000000	0.279600	0.270642	0.267130	0.243763	0.267096	0.300367	0.087520	0.000000	0.141508	0.082858	0.029829	0.025878	0.023730	0.078790	0.000000	0.152954	0.000000	0.000000	0.000000	0.027422	0.055738	0.000000	0.117490	0.000000	0.000000	0.000000	0.008075	0.045685	0.000000	0.123381	0.000000	0.000000	0.000000	0.013966	0.058922	0.000000	0.122843	0.000000	0.000000	0.000000	0.008075	0.070081	0.000000	0.133771	0.000000	0.000000	0.000000	0.029244	0.859800	0.860324	0.854906	0.803209	0.854790	0.924790
2014-10-01	1.402929	1.434769	1.389410	1.233438	1.389751	1.584467	0.164730	0.646459	0.186729	0.611146	0.318885	0.186197	0.135704	0.107751	0.000000	0.098800	0.056914	0.153960	0.132391	0.119960	0.073283	0.646459	0.073536	0.553176	0.250921	0.128021	0.090616	0.190872	0.000000	0.230095	0.116966	0.127325	0.172189	0.170565	0.008429	0.000000	0.033642	0.000000	0.000000	0.000000	0.000000	0.023002	0.000000	0.071343	0.000000	0.020518	0.021880	0.020239	0.279597	0.277841	0.268544	0.269072	0.265943	0.310813	0.138092	0.000000	0.170810	0.000000	0.071559	0.100745	0.111614	0.305570	0.000000	0.319627	0.112863	0.253988	0.264594	0.268185	0.141861	0.000000	0.159684	0.000000	0.064146	0.085523	0.109249	0.087018	0.645626	0.047986	0.127982	0.073464	0.037482	0.036898	0.141861	0.000000	0.162109	0.000000	0.064146	0.085523	0.109249	0.489831	0.000000	0.497422	0.305352	0.324974	0.413898	0.463769	0.897470	0.918824	0.886454	0.810008	0.886075	1.057729
2014-11-01	1.320230	1.236999	1.274646	1.271791	1.270357	1.263038	0.122990	0.000000	0.316715	0.131376	0.156108	0.105203	0.103819	0.663353	0.611067	0.652380	0.589299	0.620911	0.646476	0.672061	0.211958	0.000000	0.280428	0.138999	0.210622	0.207967	0.233531	0.253038	0.000000	0.277814	0.177253	0.211776	0.236362	0.285004	0.141313	0.000000	0.187384	0.131111	0.214271	0.145391	0.123600	0.480829	0.680870	0.526220	0.723288	0.560592	0.527857	0.523955	0.473032	0.417052	0.403903	0.390331	0.342973	0.482295	0.101044	0.000000	0.067340	0.271294	0.097666	0.049830	0.045826	0.108684	0.000000	0.087962	0.057959	0.064670	0.032995	0.050946	0.080866	0.000000	0.074755	0.000000	0.000000	0.000000	0.015682	0.090168	0.000000	0.080385	0.056725	0.118929	0.071077	0.049331	0.080866	0.000000	0.073501	0.000000	0.000000	0.000000	0.015682	0.128306	0.000000	0.100950	0.055669	0.064181	0.032746	0.058750	0.918276	0.834894	0.878769	0.823973	0.862756	0.889040
2014-12-01	1.425774	1.744172	1.391145	1.407637	1.397115	1.877611	0.880712	0.873116	0.870388	0.968235	0.912439	0.868980	0.864417	0.333667	0.553154	0.387120	0.313441	0.349747	0.388227	0.363068	0.588960	1.368683	0.671824	0.666820	0.586507	0.622669	0.589987	0.339035	0.553154	0.402340	0.313441	0.349747	0.388227	0.363068	0.411628	0.553154	0.414733	0.313441	0.377376	0.441304	0.434750	0.336401	0.553154	0.365411	0.313441	0.349747	0.388227	0.363068	0.977077	0.612209	0.789991	0.528647	0.572793	0.648537	0.442231	1.397973	0.234437	1.106741	0.780440	0.563035	0.422448	0.726468	0.000000	0.701248	0.299576	0.472347	0.603575	0.647707	0.308225	0.000000	0.168109	0.258633	0.296024	0.294568	0.250354	0.393649	0.000000	0.320074	0.071514	0.216688	0.328121	0.350038	0.161029	0.000000	0.115372	0.208214	0.074957	0.059000	0.077859	0.813848	0.000000	0.787291	0.400435	0.570941	0.662239	0.728652	1.049384	1.314304	0.964087	0.953103	0.966882	1.483283
2015-01-01	1.263080	1.196132	1.257330	1.110437	1.256690	1.240691	0.231179	0.000000	0.305717	0.189480	0.280169	0.243126	0.233447	0.031802	0.000000	0.105462	0.060248	0.021689	0.011066	0.019677	0.358350	0.514880	0.430464	0.702395	0.530117	0.415551	0.365418	0.022794	0.000000	0.098893	0.000000	0.000000	0.000000	0.006221	0.421449	0.000000	0.483726	0.191332	0.339048	0.371980	0.401526	0.022794	0.000000	0.102511	0.000000	0.000000	0.000000	0.006221	0.591921	0.417355	0.615053	0.398385	0.566577	0.414593	0.047664	0.000000	0.071876	0.000000	0.020568	0.047099	0.036881	0.324994	0.000000	0.271568	0.393213	0.374044	0.312160	0.312695	0.103109	0.000000	0.080871	0.078281	0.129052	0.088586	0.082911	0.076869	0.000000	0.059739	0.000000	0.052403	0.050409	0.075929	0.032725	0.000000	0.059202	0.000000	0.000000	0.000000	0.007607	0.345459	0.634040	0.259003	0.581774	0.535768	0.455754	0.382816	1.119616	0.906019	1.065890	0.826534	0.958604	0.952875
2015-02-01	1.274720	1.182678	1.230810	1.116745	1.219705	1.294855	0.473896	0.507670	0.514546	0.399132	0.429305	0.430169	0.465768	0.372977	0.000000	0.388512	0.216768	0.304556	0.340087	0.357131	0.342892	0.000000	0.495341	0.234667	0.264400	0.229445	0.283732	0.279833	0.000000	0.311956	0.070204	0.182885	0.220001	0.243647	0.301751	0.000000	0.379429	0.192198	0.206100	0.226669	0.282997	0.377551	0.000000	0.394617	0.216768	0.304556	0.340087	0.357131	0.645925	0.493228	0.773515	0.466596	0.598759	0.484176	0.083097	0.551494	0.099571	0.204513	0.148002	0.086976	0.087915	0.460989	0.000000	0.287081	0.480222	0.588633	0.512377	0.495832	0.060355	0.000000	0.066348	0.095464	0.138168	0.097804	0.075061	0.056829	0.000000	0.093494	0.000000	0.023994	0.012242	0.031044	0.033701	0.510479	0.033448	0.056720	0.020419	0.010418	0.020074	0.385299	0.000000	0.196702	0.382455	0.520840	0.449494	0.423696	1.102451	0.824424	0.977672	0.810904	0.897319	0.890885
2015-03-01	1.262922	1.259384	1.261805	1.225052	1.259562	1.256417	0.131653	0.000000	0.211122	0.058838	0.063098	0.087525	0.112421	0.537052	0.988478	0.428756	0.327449	0.385652	0.437867	0.542958	0.197324	0.000000	0.299925	0.243606	0.128490	0.126904	0.178695	0.151257	0.502929	0.227470	0.125065	0.114561	0.103025	0.151826	0.197134	0.502929	0.196578	0.293636	0.179840	0.162223	0.201679	0.222563	0.988478	0.289367	0.364091	0.239491	0.175823	0.247360	0.418947	0.450665	0.450333	0.400679	0.405677	0.415237	0.022239	0.000000	0.031873	0.000000	0.000000	0.000000	0.000000	0.276074	0.547819	0.146752	0.341222	0.309988	0.316797	0.289529	0.045958	0.000000	0.029156	0.000000	0.000000	0.021805	0.022556	0.070508	0.000000	0.045453	0.000000	0.070841	0.119281	0.099079	0.038899	0.000000	0.029169	0.000000	0.000000	0.010967	0.029291	0.317383	0.639083	0.188281	0.217535	0.321553	0.316913	0.299248	0.862528	0.862174	0.860205	0.828278	0.854928	0.913094
2015-04-01	1.361062	1.368811	1.357441	1.360614	1.356166	1.388070	0.285753	0.634960	0.328493	0.500100	0.420611	0.318595	0.297844	0.301789	0.515644	0.325402	0.384262	0.331860	0.330262	0.331975	0.222636	0.602931	0.288566	0.183634	0.194403	0.172186	0.204959	0.203610	0.515644	0.258507	0.115160	0.084360	0.109536	0.174494	0.136232	0.577722	0.188101	0.314862	0.184108	0.104347	0.122504	0.180066	0.515644	0.292156	0.171226	0.104544	0.090177	0.140859	0.350330	0.344580	0.350145	0.410666	0.326151	0.440042	0.070278	0.000000	0.110238	0.000000	0.000000	0.010787	0.014374	0.113053	0.000000	0.142940	0.129717	0.111557	0.077619	0.060393	0.049924	0.000000	0.091294	0.000000	0.000000	0.000000	0.000000	0.029158	0.000000	0.090310	0.000000	0.021326	0.010881	0.028208	0.049924	0.000000	0.087393	0.000000	0.000000	0.000000	0.000000	0.124467	0.531609	0.152917	0.240061	0.133007	0.101507	0.082530	0.913628	0.921115	0.902972	0.883020	0.900635	0.978813
2015-05-01	1.411369	1.394593	1.409275	1.402267	1.409028	1.427140	0.024616	0.000000	0.056016	0.087262	0.062829	0.032055	0.036772	0.062689	0.000000	0.059676	0.062116	0.089916	0.068436	0.073775	0.012811	0.000000	0.049770	0.000000	0.041361	0.031635	0.019137	0.000000	0.000000	0.016684	0.000000	0.000000	0.000000	0.000000	0.010104	0.000000	0.050402	0.000000	0.000000	0.000000	0.008174	0.438328	0.693969	0.324567	0.684802	0.572605	0.520884	0.485997	0.312187	0.309877	0.308121	0.295153	0.306380	0.342391	0.079247	0.000000	0.126801	0.000000	0.000000	0.000000	0.000000	0.100412	0.000000	0.119352	0.000000	0.000000	0.000000	0.000000	0.079247	0.000000	0.125598	0.000000	0.000000	0.000000	0.000000	0.078966	0.000000	0.145109	0.000000	0.000000	0.000000	0.034629	0.079247	0.000000	0.125598	0.000000	0.000000	0.000000	0.000000	0.134431	0.000000	0.148969	0.000000	0.000000	0.000000	0.006699	0.944411	0.931251	0.941633	0.905907	0.941141	1.010890
2015-06-01	1.440306	1.425686	1.437430	1.334528	1.437475	1.508551	0.000000	0.000000	0.015584	0.000000	0.000000	0.000000	0.000000	0.000000	0.000000	0.023178	0.000000	0.000000	0.000000	0.000000	0.000000	0.000000	0.015584	0.000000	0.000000	0.000000	0.000000	0.000000	0.000000	0.020042	0.000000	0.000000	0.000000	0.000000	0.000000	0.000000	0.015584	0.000000	0.000000	0.000000	0.000000	0.070271	0.000000	0.180740	0.056523	0.070522	0.035980	0.064749	0.317220	0.326996	0.316071	0.323415	0.315805	0.401704	0.120267	0.000000	0.146492	0.000000	0.000000	0.022779	0.020403	0.103506	0.000000	0.151304	0.000000	0.000000	0.000000	0.006479	0.097284	0.000000	0.135438	0.000000	0.000000	0.000000	0.000000	0.071003	0.000000	0.099629	0.000000	0.000000	0.000000	0.000000	0.097284	0.000000	0.139258	0.000000	0.000000	0.000000	0.000000	0.174490	0.000000	0.229770	0.000000	0.023230	0.043294	0.074936	0.954800	0.916693	0.951430	0.871814	0.951291	1.039968
2015-07-01	1.453282	1.446676	1.453460	1.391118	1.453427	1.481651	0.000000	0.000000	0.013545	0.000000	0.000000	0.000000	0.000000	0.000000	0.000000	0.015202	0.000000	0.000000	0.000000	0.000000	0.000000	0.000000	0.013545	0.000000	0.000000	0.000000	0.000000	0.000000	0.000000	0.019349	0.000000	0.000000	0.000000	0.000000	0.000000	0.000000	0.013545	0.000000	0.000000	0.000000	0.000000	0.004153	0.000000	0.044035	0.000000	0.000000	0.000000	0.000000	0.332932	0.339003	0.332788	0.329008	0.332780	0.385101	0.093449	0.000000	0.179563	0.000000	0.000000	0.000000	0.013739	0.104773	0.000000	0.170324	0.000000	0.000000	0.031382	0.034814	0.093449	0.000000	0.167672	0.000000	0.000000	0.000000	0.013739	0.103832	0.000000	0.116841	0.000000	0.000000	0.000000	0.036951	0.093449	0.000000	0.167672	0.000000	0.000000	0.000000	0.013739	0.143922	0.000000	0.224184	0.000000	0.000000	0.032115	0.053827	0.948702	0.945556	0.947650	0.899092	0.947527	1.017488
2015-08-01	1.372162	1.356092	1.371422	1.330902	1.371455	1.391559	0.000000	0.000000	0.014232	0.000000	0.000000	0.000000	0.000000	0.000000	0.000000	0.017046	0.000000	0.000000	0.000000	0.000000	0.000000	0.000000	0.014232	0.000000	0.000000	0.000000	0.000000	0.000000	0.000000	0.011805	0.000000	0.000000	0.000000	0.000000	0.000000	0.000000	0.014232	0.000000	0.000000	0.000000	0.000000	0.000000	0.000000	0.023252	0.000000	0.000000	0.000000	0.000000	0.312363	0.307983	0.311977	0.303633	0.311777	0.326141	0.144634	0.000000	0.170377	0.000000	0.000000	0.000000	0.022052	0.142312	0.000000	0.171263	0.000000	0.000000	0.000000	0.022033	0.144634	0.000000	0.168700	0.000000	0.000000	0.000000	0.022052	0.087469	0.000000	0.133635	0.000000	0.000000	0.000000	0.007557	0.144634	0.000000	0.169990	0.000000	0.000000	0.000000	0.022052	0.168782	0.000000	0.214125	0.000000	0.000000	0.000000	0.021825	0.913234	0.903278	0.912603	0.852347	0.912466	0.962865
2015-09-01	1.353056	1.341284	1.353188	1.269691	1.353195	1.371948	0.000000	0.000000	0.030007	0.000000	0.000000	0.000000	0.000000	0.000000	0.000000	0.031651	0.000000	0.000000	0.000000	0.000000	0.000000	0.000000	0.030007	0.000000	0.000000	0.000000	0.000000	0.000000	0.000000	0.027468	0.000000	0.000000	0.000000	0.000000	0.000000	0.000000	0.030007	0.000000	0.000000	0.000000	0.000000	0.004252	0.000000	0.052523	0.000000	0.000000	0.000000	0.000000	0.317763	0.320188	0.317719	0.311544	0.318172	0.345268	0.119027	0.000000	0.129149	0.000000	0.000000	0.000000	0.014714	0.111163	0.000000	0.108861	0.000000	0.000000	0.000000	0.015161	0.119027	0.000000	0.131558	0.000000	0.000000	0.000000	0.014714	0.073795	0.000000	0.071288	0.000000	0.000000	0.000000	0.033777	0.119027	0.000000	0.131558	0.000000	0.000000	0.000000	0.014714	0.126003	0.000000	0.135103	0.000000	0.000000	0.000000	0.006584	0.919095	0.918489	0.918973	0.842700	0.918985	0.991018
2015-10-01	1.333310	1.301993	1.333125	1.273000	1.333123	1.331592	0.000000	0.000000	0.016596	0.000000	0.000000	0.000000	0.000000	0.004149	0.000000	0.039940	0.000000	0.000000	0.000000	0.006198	0.000000	0.000000	0.016596	0.000000	0.000000	0.000000	0.000000	0.000000	0.000000	0.044952	0.000000	0.000000	0.000000	0.000000	0.000000	0.000000	0.016596	0.000000	0.000000	0.000000	0.000000	0.019030	0.000000	0.042255	0.000000	0.050258	0.036570	0.028428	0.308536	0.310259	0.306714	0.320479	0.306516	0.324837	0.099074	0.000000	0.101259	0.000000	0.000000	0.000000	0.000000	0.086742	0.000000	0.094240	0.000000	0.000000	0.000000	0.000000	0.087698	0.000000	0.098138	0.000000	0.000000	0.000000	0.000000	0.120701	0.000000	0.102063	0.000000	0.000000	0.000000	0.000000	0.087698	0.000000	0.098138	0.000000	0.000000	0.000000	0.000000	0.100747	0.000000	0.095261	0.000000	0.000000	0.000000	0.007202	0.897690	0.877067	0.896384	0.857705	0.896329	0.944549
2015-11-01	1.454007	1.445030	1.452570	1.348677	1.452198	1.533756	0.361137	0.531385	0.357677	0.363109	0.357652	0.395279	0.382778	0.287508	0.000000	0.253853	0.453672	0.424947	0.328355	0.300817	0.167980	0.000000	0.152113	0.213258	0.272222	0.215884	0.180494	0.204315	0.000000	0.157151	0.214844	0.250956	0.227431	0.208477	0.620737	0.769719	0.523648	0.718338	0.700157	0.704903	0.671267	0.630783	0.631931	0.554582	0.597942	0.673077	0.700498	0.670076	0.406336	0.402297	0.367804	0.350941	0.393336	0.823283	0.180644	0.000000	0.245306	0.000000	0.000000	0.000000	0.019983	0.194732	0.000000	0.239886	0.059522	0.061865	0.074091	0.066448	0.180644	0.000000	0.245306	0.000000	0.000000	0.000000	0.019983	0.155110	0.000000	0.199489	0.000000	0.000000	0.000000	0.000000	0.180644	0.000000	0.245306	0.000000	0.000000	0.000000	0.019983	0.254559	0.000000	0.340389	0.064438	0.066355	0.100444	0.149491	0.971691	1.005697	0.964417	0.909502	0.965707	1.222903
2015-12-01	1.402315	1.374407	1.401556	1.320902	1.399295	1.396553	0.242159	0.000000	0.320565	0.328633	0.292835	0.268294	0.266994	0.193562	0.000000	0.235513	0.336509	0.330442	0.267346	0.222023	0.249691	0.599632	0.311528	0.367293	0.347356	0.266072	0.233276	0.172627	0.000000	0.183885	0.268852	0.283098	0.243191	0.207410	0.177584	0.000000	0.343763	0.135880	0.165876	0.199057	0.205208	0.171025	0.000000	0.199075	0.247316	0.275345	0.239235	0.205017	0.610690	0.570130	0.670192	0.596505	0.564274	0.533986	0.228004	0.000000	0.142993	0.205055	0.073820	0.059195	0.094263	0.245791	0.000000	0.131803	0.056063	0.061997	0.091748	0.154084	0.215391	0.000000	0.135456	0.067425	0.024273	0.044554	0.084834	0.160425	0.000000	0.098632	0.000000	0.026029	0.032053	0.096586	0.228954	0.000000	0.139177	0.000000	0.000000	0.032169	0.098449	0.223654	0.000000	0.134309	0.000000	0.000000	0.036985	0.100917	1.024582	0.938186	0.967318	0.893564	0.940255	0.997698
2016-01-01	1.336511	1.314460	1.344414	1.268354	1.331584	1.405775	0.338773	0.000000	0.468620	0.328718	0.317143	0.276497	0.299874	0.231349	0.000000	0.238837	0.399674	0.267420	0.208164	0.212517	0.489281	0.000000	0.725191	0.355310	0.347208	0.408250	0.448556	0.187803	0.502221	0.213543	0.306067	0.176211	0.148837	0.170342	0.296141	0.502221	0.322632	0.306067	0.312124	0.254540	0.265690	0.231349	0.000000	0.242114	0.399674	0.267420	0.208164	0.212517	0.875228	0.604390	1.007624	0.556904	0.756967	0.571833	0.208742	0.000000	0.098340	0.000000	0.000000	0.037530	0.071501	0.395503	0.846315	0.205005	0.402525	0.316593	0.330994	0.366384	0.250593	0.000000	0.126352	0.000000	0.061734	0.105344	0.134265	0.358915	0.650940	0.146591	0.405294	0.296001	0.259419	0.297885	0.190952	0.000000	0.077548	0.000000	0.000000	0.000000	0.072095	0.378177	0.000000	0.266291	0.116209	0.118292	0.184090	0.311367	1.192539	1.072011	1.107864	0.944257	0.938208	1.169431
2016-02-01	1.336843	1.312643	1.317169	1.286607	1.316313	1.312716	0.345782	0.566645	0.428432	0.383791	0.368902	0.371502	0.349283	0.267794	0.000000	0.371282	0.224525	0.193180	0.250435	0.247291	0.624412	0.000000	0.791162	0.364397	0.466236	0.550660	0.561162	0.290836	0.000000	0.365359	0.266727	0.306299	0.298659	0.283078	0.428962	0.557825	0.515754	0.452222	0.402322	0.418561	0.417972	0.174747	0.000000	0.292248	0.224525	0.172683	0.185557	0.168256	0.704749	0.549840	0.720149	0.560579	0.735478	0.508508	0.313010	0.000000	0.121246	0.131942	0.089480	0.106420	0.222290	0.251715	0.000000	0.088550	0.000000	0.000000	0.013142	0.155518	0.249142	0.000000	0.085583	0.134171	0.048301	0.039884	0.202562	0.250372	0.000000	0.093281	0.254345	0.091564	0.107611	0.213902	0.252638	0.000000	0.081588	0.065707	0.023654	0.025617	0.156466	0.303729	0.000000	0.111985	0.063503	0.022861	0.011664	0.206304	1.044022	0.917412	0.984693	0.889103	0.952944	0.935529
2016-03-01	1.326310	1.319407	1.320726	1.343745	1.320521	1.306632	0.013103	0.000000	0.091558	0.114863	0.041351	0.021097	0.019574	0.146636	0.622244	0.176864	0.135113	0.102803	0.077845	0.106985	0.093102	0.000000	0.133477	0.000000	0.000000	0.031164	0.083401	0.004395	0.000000	0.080419	0.059089	0.021272	0.010853	0.006565	0.098977	0.000000	0.179560	0.241261	0.129973	0.116423	0.107962	0.136806	0.622244	0.208738	0.135113	0.102803	0.077845	0.107444	0.398111	0.374544	0.384498	0.376870	0.417681	0.417776	0.272369	0.000000	0.097153	0.000000	0.073880	0.096862	0.181045	0.203627	0.000000	0.076958	0.000000	0.000000	0.000000	0.114690	0.238147	0.000000	0.085488	0.000000	0.000000	0.000000	0.129923	0.237979	0.000000	0.087057	0.000000	0.000000	0.000000	0.095203	0.206473	0.000000	0.071576	0.000000	0.000000	0.000000	0.129923	0.206518	0.000000	0.081949	0.000000	0.000000	0.000000	0.149925	0.919261	0.899520	0.916936	0.905572	0.912409	0.963668
2016-04-01	1.447507	1.435833	1.445944	1.418137	1.445931	1.456982	0.073820	0.000000	0.115243	0.064566	0.092255	0.079299	0.061544	0.059398	0.000000	0.117275	0.073117	0.078991	0.051802	0.056149	0.144749	0.000000	0.180202	0.177946	0.146569	0.142423	0.151258	0.029763	0.000000	0.045479	0.000000	0.031208	0.027423	0.035353	0.086306	0.000000	0.111647	0.180413	0.131681	0.100390	0.115101	0.079736	0.000000	0.227561	0.000000	0.070002	0.053769	0.046033	0.430669	0.305615	0.322529	0.276816	0.317985	0.341432	0.347081	0.000000	0.134115	0.000000	0.000000	0.000000	0.124256	0.338490	0.000000	0.149873	0.000000	0.000000	0.000000	0.106484	0.347081	0.000000	0.134115	0.000000	0.000000	0.000000	0.124256	0.258816	0.000000	0.146092	0.000000	0.000000	0.000000	0.138150	0.347081	0.000000	0.134115	0.000000	0.000000	0.000000	0.124256	0.426167	0.000000	0.225558	0.000000	0.000000	0.011912	0.113703	0.978876	0.956620	0.955450	0.926770	0.954783	1.000984
2016-05-01	1.497058	1.488502	1.494523	1.471234	1.494528	1.521294	0.104569	0.515137	0.128197	0.189778	0.212120	0.164694	0.105825	0.023187	0.000000	0.083614	0.188384	0.091074	0.046466	0.034638	0.008397	0.000000	0.086040	0.000000	0.000000	0.000000	0.006195	0.070038	0.000000	0.145542	0.067671	0.071616	0.107792	0.092030	0.008397	0.000000	0.086040	0.000000	0.000000	0.000000	0.006195	0.195518	0.623055	0.257053	0.497497	0.416995	0.246405	0.224999	0.387356	0.361232	0.380424	0.337438	0.380289	0.442911	0.352175	0.000000	0.215268	0.000000	0.000000	0.000000	0.131631	0.372581	0.000000	0.225193	0.000000	0.000000	0.011057	0.145775	0.352175	0.000000	0.215268	0.000000	0.000000	0.000000	0.131631	0.332519	0.000000	0.225644	0.000000	0.000000	0.000000	0.179168	0.352175	0.000000	0.215268	0.000000	0.000000	0.000000	0.131631	0.392815	0.000000	0.218990	0.000000	0.000000	0.000000	0.123933	1.023412	1.030832	1.018197	0.948745	1.018133	1.137845
2016-06-01	1.492639	1.472401	1.492319	1.436748	1.492302	1.504986	0.000000	0.000000	0.051724	0.000000	0.000000	0.000000	0.000000	0.000000	0.000000	0.055180	0.000000	0.000000	0.000000	0.000000	0.000000	0.000000	0.051724	0.000000	0.000000	0.000000	0.000000	0.000000	0.000000	0.064287	0.000000	0.000000	0.000000	0.000000	0.000000	0.000000	0.051724	0.000000	0.000000	0.000000	0.000000	0.008485	0.000000	0.066874	0.057606	0.020738	0.010581	0.006401	0.339845	0.329435	0.339824	0.332037	0.339055	0.378438	0.301855	0.000000	0.211579	0.000000	0.000000	0.000000	0.132274	0.309185	0.000000	0.227743	0.000000	0.000000	0.010642	0.139379	0.301855	0.000000	0.211579	0.000000	0.000000	0.000000	0.132274	0.295990	0.000000	0.172890	0.000000	0.000000	0.014325	0.141026	0.301855	0.000000	0.211579	0.000000	0.000000	0.000000	0.132274	0.355624	0.000000	0.253615	0.000000	0.000000	0.010825	0.141379	0.978419	0.957949	0.977229	0.937406	0.977131	1.018373
2016-07-01	1.545961	1.534905	1.545750	1.488349	1.545769	1.575601	0.000000	0.000000	0.051531	0.000000	0.000000	0.000000	0.000000	0.000000	0.000000	0.051293	0.000000	0.000000	0.000000	0.000000	0.000000	0.000000	0.051531	0.000000	0.000000	0.000000	0.000000	0.000000	0.000000	0.078213	0.000000	0.000000	0.000000	0.000000	0.000000	0.000000	0.051531	0.000000	0.000000	0.000000	0.000000	0.000000	0.000000	0.056673	0.000000	0.000000	0.000000	0.000000	0.361704	0.360470	0.359720	0.354795	0.359669	0.408414	0.340651	0.000000	0.210516	0.000000	0.000000	0.000000	0.135297	0.317213	0.000000	0.205853	0.000000	0.000000	0.000000	0.140352	0.340651	0.000000	0.210516	0.000000	0.000000	0.000000	0.135297	0.241494	0.000000	0.141146	0.000000	0.000000	0.000000	0.169119	0.328729	0.000000	0.208393	0.000000	0.000000	0.000000	0.135297	0.356179	0.000000	0.256095	0.000000	0.000000	0.024196	0.168020	0.998122	0.992865	0.996911	0.947100	0.996887	1.071672
2016-08-01	1.478205	1.469916	1.478072	1.437377	1.478123	1.479231	0.000000	0.000000	0.047255	0.000000	0.000000	0.000000	0.000000	0.000000	0.000000	0.050137	0.000000	0.000000	0.000000	0.000000	0.000000	0.000000	0.047255	0.000000	0.000000	0.000000	0.000000	0.000000	0.000000	0.046221	0.000000	0.000000	0.000000	0.000000	0.000000	0.000000	0.047255	0.000000	0.000000	0.000000	0.000000	0.008471	0.000000	0.078009	0.000000	0.000000	0.000000	0.000000	0.349616	0.351006	0.349277	0.328116	0.349067	0.391760	0.383308	0.000000	0.254352	0.000000	0.000000	0.018941	0.160406	0.355843	0.000000	0.246616	0.000000	0.000000	0.031238	0.150200	0.353373	0.000000	0.238384	0.000000	0.000000	0.010936	0.145763	0.289060	0.000000	0.210553	0.000000	0.000000	0.013734	0.170002	0.353373	0.000000	0.238384	0.000000	0.000000	0.010936	0.145763	0.354417	0.000000	0.258962	0.000000	0.000000	0.021876	0.123739	0.998792	0.990012	0.998479	0.935956	0.998392	1.055101
2016-09-01	1.501540	1.489120	1.501357	1.385292	1.501450	1.532308	0.006074	0.000000	0.038327	0.000000	0.000000	0.000000	0.000000	0.000000	0.000000	0.035293	0.000000	0.000000	0.000000	0.000000	0.000000	0.000000	0.034941	0.000000	0.000000	0.000000	0.000000	0.000000	0.000000	0.046777	0.000000	0.000000	0.000000	0.000000	0.000000	0.000000	0.034941	0.000000	0.000000	0.000000	0.000000	0.000000	0.000000	0.039178	0.000000	0.000000	0.000000	0.000000	0.343051	0.344428	0.341941	0.347240	0.341939	0.365314	0.227817	0.000000	0.141269	0.000000	0.000000	0.000000	0.099172	0.232002	0.000000	0.153412	0.000000	0.000000	0.011307	0.109191	0.227817	0.000000	0.141269	0.000000	0.000000	0.000000	0.099172	0.179796	0.000000	0.076935	0.000000	0.000000	0.010966	0.097810	0.227817	0.000000	0.141269	0.000000	0.000000	0.000000	0.099172	0.251045	0.000000	0.191742	0.000000	0.000000	0.000000	0.095127	0.995881	0.988843	0.995341	0.936135	0.995340	1.038504
2016-10-01	1.544171	1.528872	1.543139	1.483872	1.543185	1.546686	0.000000	0.000000	0.043654	0.000000	0.000000	0.000000	0.000000	0.004236	0.000000	0.058488	0.000000	0.000000	0.000000	0.000000	0.000000	0.000000	0.043654	0.000000	0.000000	0.000000	0.000000	0.004385	0.000000	0.065344	0.000000	0.000000	0.000000	0.000000	0.000000	0.000000	0.043654	0.000000	0.000000	0.000000	0.000000	0.119559	0.531190	0.211796	0.238851	0.129245	0.123587	0.125216	0.366530	0.375742	0.364555	0.355157	0.363356	0.453874	0.448952	0.000000	0.275719	0.000000	0.000000	0.093411	0.227970	0.368296	0.000000	0.257528	0.000000	0.000000	0.023768	0.173741	0.378971	0.000000	0.252271	0.000000	0.000000	0.013180	0.153686	0.331914	0.000000	0.167717	0.000000	0.000000	0.010687	0.130728	0.378971	0.000000	0.252271	0.000000	0.000000	0.013180	0.153686	0.389946	0.000000	0.295495	0.000000	0.000000	0.027096	0.191015	1.029687	1.030430	1.027828	0.962331	1.027644	1.107857
2016-11-01	1.520542	1.488819	1.520362	1.464860	1.520366	1.555187	0.146259	0.590427	0.216017	0.190728	0.132604	0.113093	0.120367	0.178677	0.702529	0.194417	0.280299	0.193020	0.126210	0.184619	0.117602	0.579780	0.222177	0.064420	0.045163	0.034445	0.072106	0.110231	0.813206	0.176450	0.147314	0.121993	0.083702	0.127070	0.231478	0.624586	0.326706	0.298236	0.340991	0.290980	0.254307	0.128003	0.000000	0.234473	0.186902	0.111295	0.086364	0.124144	0.565495	0.439182	0.547219	0.474715	0.490959	0.516578	0.400426	0.000000	0.241424	0.000000	0.000000	0.010869	0.167824	0.356546	0.000000	0.204203	0.000000	0.020471	0.034147	0.167242	0.400426	0.000000	0.241424	0.000000	0.000000	0.010869	0.167824	0.219129	0.000000	0.132090	0.000000	0.000000	0.016110	0.127561	0.400426	0.000000	0.241424	0.000000	0.000000	0.010869	0.167824	0.404447	0.000000	0.277048	0.000000	0.086355	0.083086	0.229948	1.022575	0.996356	1.022559	0.947619	1.009841	1.097251
2016-12-01	1.696197	1.465349	1.545133	1.477214	1.483077	1.500543	0.782959	0.727941	1.539884	0.796151	0.795592	0.775250	0.769639	0.596845	0.629380	0.818815	0.620540	0.690250	0.633150	0.551664	0.734350	0.992963	1.876900	0.852306	0.774924	0.749330	0.722923	0.518040	0.629380	0.764432	0.525406	0.523248	0.507750	0.475805	1.020003	0.758843	1.155712	0.928811	0.918798	0.851053	0.856446	0.543770	0.629380	0.674669	0.670935	0.685080	0.643497	0.514991	1.082588	0.851351	1.027606	0.616015	1.040938	0.837493	0.250278	0.000000	0.207892	0.074593	0.026854	0.090950	0.180335	0.232916	0.659878	0.112574	0.214166	0.103523	0.077300	0.154174	0.212122	0.000000	0.123137	0.000000	0.000000	0.010546	0.123337	0.181692	0.510946	0.098636	0.116251	0.083786	0.055022	0.115600	0.212122	0.000000	0.099281	0.000000	0.000000	0.010546	0.123337	0.335703	0.571907	0.146136	0.206128	0.155382	0.090163	0.250496	1.317996	1.185575	1.231231	1.080746	1.142740	1.268952
2017-01-01	1.485575	1.508874	1.504560	1.477093	1.485567	1.515102	0.645290	0.876336	0.890150	0.771072	0.757881	0.699533	0.642235	0.591456	0.746587	0.702791	0.679608	0.601116	0.628265	0.604884	0.830272	0.894566	1.419506	0.822282	0.727516	0.691281	0.685365	0.539452	0.746587	0.677382	0.679608	0.601116	0.573913	0.545804	0.723505	0.687069	0.949283	0.733755	0.648254	0.731400	0.718977	0.539452	0.746587	0.678554	0.679608	0.601116	0.573913	0.545804	0.825645	0.653343	1.056933	0.619395	0.675527	0.605393	0.309477	0.000000	0.133305	0.063021	0.047490	0.087077	0.256243	0.916514	0.578955	0.612634	0.598869	0.591393	0.598428	0.776669	0.395329	0.000000	0.140491	0.000000	0.000000	0.059553	0.364305	0.683602	0.737032	0.330184	0.622505	0.600651	0.520030	0.701627	0.310514	0.000000	0.174481	0.157169	0.121191	0.130976	0.265819	1.009581	0.718872	0.634030	0.502795	0.553807	0.635941	0.922004	1.388642	1.182699	1.333148	1.113083	1.159272	1.230107
2017-02-01	1.508384	1.473987	1.494594	1.411636	1.487116	1.514458	0.741732	0.867261	1.114041	0.886316	0.815964	0.793466	0.743723	0.901115	0.920054	0.942688	0.998178	0.962691	0.938833	0.948160	0.940954	0.742004	1.257849	0.779460	0.752830	0.705030	0.659050	0.753665	0.920054	0.845154	0.888307	0.807030	0.785595	0.762805	0.652029	1.304978	0.931383	0.918812	0.807097	0.732733	0.665789	0.808228	0.920054	0.898410	0.888307	0.807030	0.809871	0.818342	0.777561	0.706255	0.909961	0.658855	0.730874	0.681941	0.265210	0.000000	0.109567	0.000000	0.023764	0.064890	0.194996	0.447709	1.363063	0.247802	0.246329	0.162909	0.198956	0.361502	0.251599	0.000000	0.095144	0.060830	0.068153	0.077168	0.194060	0.288285	0.000000	0.112214	0.165683	0.104062	0.094003	0.215431	0.267075	0.000000	0.103700	0.000000	0.020369	0.060888	0.202008	0.275734	1.363063	0.131093	0.151451	0.076380	0.038969	0.208995	1.341226	1.112134	1.355991	1.028941	1.127909	1.178534
2017-03-01	1.523777	1.502218	1.525011	1.451303	1.518891	1.544644	0.368796	0.661771	0.485477	0.508899	0.510773	0.456855	0.404297	0.560852	1.036113	0.655205	0.710151	0.670066	0.618299	0.592082	0.244380	0.000000	0.723704	0.163518	0.173640	0.214897	0.239928	0.386972	0.771811	0.487265	0.633310	0.567657	0.464652	0.408328	0.489961	0.758719	0.625907	0.625881	0.587465	0.524422	0.504932	0.391202	1.036113	0.526215	0.710151	0.596585	0.494800	0.427613	0.480466	0.496853	0.519308	0.409652	0.479241	0.497695	0.266483	0.000000	0.132576	0.078454	0.124529	0.135814	0.163902	0.323743	0.000000	0.200588	0.120400	0.108967	0.170067	0.259360	0.257232	0.000000	0.130577	0.067601	0.024336	0.130682	0.183638	0.199155	0.000000	0.120514	0.000000	0.000000	0.047841	0.097656	0.212913	0.000000	0.084351	0.000000	0.102103	0.120693	0.172273	0.452699	0.000000	0.258162	0.131145	0.195883	0.287118	0.398090	1.053864	1.071442	1.050065	1.010952	1.046933	1.125210
2017-04-01	1.570811	1.561762	1.567783	1.536771	1.567875	1.603618	0.118060	0.506866	0.267528	0.179422	0.109905	0.084600	0.107193	0.098969	0.000000	0.175532	0.128781	0.106079	0.091325	0.094880	0.216791	0.000000	0.299046	0.483187	0.321341	0.263538	0.247242	0.044532	0.000000	0.137955	0.116025	0.091718	0.046795	0.028308	0.120978	0.512793	0.207289	0.182150	0.091602	0.094417	0.091075	0.123438	0.000000	0.213761	0.128781	0.128276	0.124264	0.119232	0.391782	0.375333	0.372666	0.343946	0.372887	0.415869	0.252569	0.000000	0.122907	0.000000	0.020972	0.026341	0.136182	0.350168	0.000000	0.164635	0.000000	0.000000	0.047938	0.123921	0.319306	0.000000	0.138376	0.000000	0.000000	0.026148	0.100256	0.221265	0.000000	0.128206	0.000000	0.000000	0.012703	0.092529	0.313795	0.000000	0.134041	0.000000	0.000000	0.012540	0.092024	0.454883	0.000000	0.235365	0.000000	0.000000	0.039426	0.107843	1.078534	1.061177	1.072194	1.030177	1.071699	1.111917
2017-05-01	1.594139	1.561017	1.592114	1.539001	1.592107	1.658536	0.161882	0.000000	0.277847	0.000000	0.089938	0.137206	0.154227	0.009476	0.000000	0.090848	0.000000	0.000000	0.000000	0.000000	0.011294	0.000000	0.082291	0.000000	0.000000	0.000000	0.000000	0.040935	0.515940	0.112309	0.057327	0.020638	0.010529	0.006370	0.011294	0.000000	0.081103	0.000000	0.000000	0.000000	0.000000	0.000000	0.000000	0.096919	0.000000	0.000000	0.000000	0.000000	0.361259	0.343262	0.348473	0.351781	0.345411	0.361625	0.331453	0.000000	0.184447	0.000000	0.000000	0.000000	0.128894	0.278888	0.000000	0.191978	0.000000	0.000000	0.011053	0.107172	0.331453	0.000000	0.184447	0.000000	0.000000	0.000000	0.128894	0.213333	0.000000	0.141515	0.000000	0.000000	0.010830	0.100418	0.331453	0.000000	0.184447	0.000000	0.000000	0.000000	0.128894	0.325689	0.000000	0.244605	0.000000	0.000000	0.000000	0.129617	1.084648	1.043185	1.081186	1.010272	1.080917	1.116797
2017-06-01	1.635197	1.614483	1.634647	1.574444	1.634735	1.658362	0.009825	0.000000	0.074685	0.000000	0.000000	0.000000	0.000000	0.013989	0.000000	0.086362	0.000000	0.000000	0.000000	0.000000	0.009825	0.000000	0.074685	0.000000	0.000000	0.000000	0.000000	0.014229	0.000000	0.089610	0.000000	0.000000	0.000000	0.000000	0.009825	0.000000	0.074685	0.000000	0.000000	0.000000	0.000000	0.014435	0.000000	0.121191	0.000000	0.000000	0.000000	0.000000	0.381991	0.390793	0.380005	0.393310	0.379979	0.452437	0.288359	0.000000	0.153574	0.000000	0.000000	0.000000	0.153018	0.219373	0.000000	0.125751	0.000000	0.000000	0.000000	0.091019	0.288359	0.000000	0.159004	0.000000	0.000000	0.000000	0.153018	0.220435	0.000000	0.145258	0.000000	0.000000	0.000000	0.075618	0.288359	0.000000	0.151700	0.000000	0.000000	0.000000	0.153018	0.273146	0.000000	0.156651	0.000000	0.000000	0.016049	0.143652	1.077232	1.058483	1.076027	1.014247	1.076018	1.144587
2017-07-01	1.645239	1.632328	1.645191	1.559353	1.645240	1.691237	0.004694	0.000000	0.089175	0.000000	0.000000	0.000000	0.000000	0.004753	0.000000	0.091583	0.000000	0.000000	0.000000	0.000000	0.004694	0.000000	0.089175	0.000000	0.000000	0.000000	0.000000	0.009454	0.000000	0.103469	0.000000	0.000000	0.000000	0.006467	0.004694	0.000000	0.089175	0.000000	0.000000	0.000000	0.000000	0.040329	0.000000	0.132463	0.000000	0.000000	0.000000	0.021453	0.402590	0.406503	0.402700	0.399979	0.402691	0.453611	0.355848	0.000000	0.194248	0.000000	0.000000	0.000000	0.127674	0.336678	0.000000	0.199017	0.000000	0.000000	0.010367	0.107594	0.355848	0.000000	0.194248	0.000000	0.000000	0.000000	0.127674	0.314686	0.000000	0.186553	0.000000	0.000000	0.011216	0.106289	0.355848	0.000000	0.194248	0.000000	0.000000	0.000000	0.127674	0.359354	0.000000	0.218590	0.000000	0.000000	0.010568	0.131247	1.077698	1.075703	1.077426	1.012034	1.077442	1.153984
2017-08-01	1.596662	1.575706	1.596761	1.540345	1.596855	1.611796	0.004209	0.000000	0.083105	0.000000	0.000000	0.000000	0.000000	0.004437	0.000000	0.084074	0.000000	0.000000	0.000000	0.000000	0.004209	0.000000	0.079215	0.000000	0.000000	0.000000	0.000000	0.000000	0.000000	0.094389	0.000000	0.000000	0.000000	0.000000	0.004209	0.000000	0.079215	0.000000	0.000000	0.000000	0.000000	0.027707	0.000000	0.107555	0.000000	0.042828	0.021851	0.013219	0.392570	0.393745	0.392312	0.405747	0.392324	0.415584	0.525599	0.000000	0.223771	0.000000	0.000000	0.000000	0.295963	0.464091	0.000000	0.207690	0.000000	0.000000	0.000000	0.226657	0.525599	0.000000	0.222537	0.000000	0.000000	0.000000	0.295963	0.413658	0.000000	0.215469	0.000000	0.022466	0.022201	0.220698	0.521870	0.000000	0.221513	0.000000	0.000000	0.000000	0.290391	0.492699	0.000000	0.232614	0.000000	0.000000	0.024182	0.189782	1.084095	1.081594	1.083086	1.020559	1.083080	1.155482
2017-09-01	1.556682	1.546128	1.556621	1.557007	1.556710	1.553856	0.008901	0.000000	0.080454	0.000000	0.000000	0.000000	0.000000	0.010173	0.000000	0.086688	0.000000	0.000000	0.000000	0.000000	0.008901	0.000000	0.080454	0.000000	0.000000	0.000000	0.000000	0.004946	0.000000	0.082446	0.000000	0.000000	0.000000	0.000000	0.008901	0.000000	0.080454	0.000000	0.000000	0.000000	0.000000	0.055030	0.000000	0.136376	0.000000	0.000000	0.010642	0.046059	0.393697	0.396026	0.393697	0.387679	0.393697	0.425724	0.306539	0.000000	0.145884	0.000000	0.000000	0.000000	0.120794	0.320670	0.000000	0.156950	0.000000	0.000000	0.000000	0.113825	0.306539	0.000000	0.145884	0.000000	0.000000	0.000000	0.120794	0.247836	0.000000	0.149953	0.000000	0.000000	0.000000	0.114470	0.317959	0.000000	0.149017	0.000000	0.000000	0.000000	0.130318	0.342543	0.000000	0.180276	0.000000	0.000000	0.021648	0.130424	1.082688	1.072994	1.082607	1.063710	1.082607	1.130059
2017-10-01	1.648923	1.651391	1.648577	1.529302	1.648607	1.795046	0.026849	0.500660	0.079008	0.115591	0.041613	0.021231	0.025679	0.045947	0.640717	0.088135	0.311012	0.111964	0.057125	0.054222	0.026849	0.500660	0.080163	0.115591	0.041613	0.021231	0.025679	0.024034	0.564153	0.076016	0.062684	0.022566	0.011513	0.013194	0.026849	0.500660	0.080163	0.115591	0.041613	0.021231	0.025679	0.189044	0.699518	0.208268	0.545462	0.319999	0.230092	0.205900	0.398574	0.396222	0.393033	0.404246	0.392104	0.455560	0.365963	0.000000	0.201258	0.000000	0.000000	0.000000	0.137327	0.367201	0.000000	0.227292	0.232396	0.104887	0.075105	0.190185	0.365963	0.000000	0.201258	0.000000	0.000000	0.000000	0.137327	0.278943	0.000000	0.147506	0.060489	0.021776	0.011110	0.162493	0.368176	0.000000	0.201865	0.000000	0.000000	0.000000	0.137327	0.479136	0.000000	0.328334	0.119748	0.133591	0.178732	0.266392	1.129569	1.128410	1.128330	1.059588	1.128595	1.258903
2017-11-01	1.546513	1.521032	1.543803	1.556587	1.542036	1.560390	0.229354	0.563341	0.520314	0.404954	0.333877	0.229218	0.221832	0.197456	0.000000	0.233853	0.056027	0.064382	0.105636	0.158239	0.146155	0.000000	0.431283	0.127145	0.145033	0.112065	0.113276	0.106376	0.000000	0.157755	0.056027	0.042402	0.060838	0.080583	0.233597	0.765142	0.236188	0.413493	0.350098	0.257631	0.258547	0.242176	0.000000	0.411255	0.056027	0.020170	0.126542	0.159716	0.702980	0.424552	0.748095	0.420244	0.414373	0.529130	0.264901	0.000000	0.139206	0.000000	0.000000	0.000000	0.116031	0.214412	0.000000	0.114558	0.000000	0.000000	0.023927	0.085514	0.264901	0.000000	0.139206	0.000000	0.000000	0.000000	0.116031	0.345486	0.000000	0.171275	0.058548	0.121588	0.129407	0.199291	0.264901	0.000000	0.139206	0.000000	0.000000	0.000000	0.116031	0.224408	0.000000	0.117857	0.000000	0.000000	0.000000	0.087881	1.156839	1.058740	1.122407	1.043088	1.090936	1.125109
2017-12-01	1.551741	1.473252	1.539371	1.466613	1.537833	1.573872	0.410787	0.534480	0.378628	0.528467	0.467595	0.431263	0.427783	0.208730	0.541896	0.266464	0.314542	0.244732	0.200409	0.209740	0.171745	0.000000	0.272243	0.126562	0.074265	0.050266	0.113261	0.219757	0.541896	0.249884	0.314542	0.245719	0.216259	0.212991	0.446141	0.501472	0.391827	0.438173	0.530100	0.465950	0.463033	0.224343	0.541896	0.284961	0.314542	0.245719	0.216259	0.212991	0.729158	0.536431	0.782116	0.456185	0.648146	0.593381	0.286730	0.000000	0.102312	0.000000	0.176745	0.172618	0.253747	0.251311	0.000000	0.112737	0.057920	0.063662	0.108656	0.188194	0.179685	0.000000	0.078243	0.000000	0.000000	0.010965	0.107482	0.152067	0.000000	0.069609	0.060217	0.042482	0.103659	0.116660	0.195351	0.000000	0.083033	0.000000	0.000000	0.010965	0.115146	0.383640	0.563007	0.271749	0.252740	0.184645	0.239491	0.321047	1.189784	1.097047	1.138796	1.035104	1.106301	1.232819
2018-01-01	1.508903	1.440778	1.511814	1.457462	1.503098	1.467137	0.628494	0.702123	0.689544	0.654237	0.734509	0.657863	0.632025	0.433990	0.564681	0.423333	0.263053	0.412466	0.419178	0.410749	0.953960	1.086233	1.162098	0.983365	1.005233	0.975585	0.979909	0.399772	0.564681	0.385379	0.263053	0.412466	0.399175	0.379275	0.309412	0.000000	0.359320	0.174023	0.226801	0.280396	0.291899	0.399772	0.564681	0.387181	0.263053	0.412466	0.399175	0.379275	0.824888	0.627624	0.926066	0.570722	0.675537	0.619690	0.234135	0.666992	0.105409	0.314605	0.142887	0.183661	0.241864	0.363388	0.510118	0.146105	0.267453	0.164688	0.212165	0.353836	0.204627	0.000000	0.098508	0.000000	0.032921	0.087777	0.206830	0.291286	0.516286	0.127874	0.234415	0.084389	0.097672	0.250743	0.230251	0.000000	0.076490	0.000000	0.000000	0.034221	0.212043	0.277973	0.507034	0.122736	0.112970	0.063522	0.122456	0.289931	1.165330	1.063636	1.193983	1.093669	1.096719	1.097279
2018-02-01	1.521643	1.470330	1.520572	1.497503	1.518202	1.514377	0.424237	0.562889	0.376548	0.565763	0.416274	0.384935	0.401672	0.453398	0.000000	0.449725	0.431819	0.386183	0.423610	0.445014	0.643830	0.000000	0.697410	0.435588	0.447953	0.532027	0.606257	0.374831	0.000000	0.416059	0.431819	0.346718	0.367372	0.358377	0.516511	0.793196	0.451238	0.692999	0.613374	0.564705	0.545822	0.378977	0.000000	0.375402	0.431819	0.353599	0.377440	0.376125	0.596658	0.543519	0.606987	0.525539	0.588080	0.539384	0.120188	0.000000	0.044522	0.062291	0.070679	0.069675	0.104266	0.110046	0.665053	0.050321	0.217444	0.078280	0.075964	0.125310	0.141581	0.000000	0.046201	0.000000	0.047198	0.064877	0.131692	0.144908	0.000000	0.077773	0.069380	0.024977	0.024668	0.124526	0.091690	0.000000	0.029382	0.000000	0.000000	0.000000	0.082688	0.149060	0.756162	0.099243	0.228281	0.082181	0.098431	0.134061	1.089894	1.070941	1.080466	1.035038	1.077461	1.135487
2018-03-01	1.570530	1.544794	1.568977	1.565134	1.568252	1.557763	0.100483	0.000000	0.209689	0.130893	0.047122	0.024042	0.057984	0.303507	0.000000	0.174781	0.478184	0.459506	0.396703	0.319869	0.188438	0.000000	0.230080	0.161131	0.137955	0.132463	0.148702	0.089343	0.000000	0.071730	0.126646	0.066385	0.089083	0.081729	0.084857	0.000000	0.168939	0.069143	0.088430	0.079610	0.071431	0.338757	0.000000	0.243576	0.478184	0.459506	0.418831	0.346566	0.514416	0.371881	0.519013	0.361665	0.433371	0.461188	0.065671	0.000000	0.019272	0.000000	0.000000	0.000000	0.060763	0.072929	0.000000	0.030985	0.000000	0.000000	0.000000	0.058452	0.065671	0.000000	0.018019	0.000000	0.000000	0.000000	0.060763	0.048476	0.000000	0.029676	0.000000	0.000000	0.000000	0.009977	0.065671	0.000000	0.018019	0.000000	0.000000	0.000000	0.060763	0.055316	0.000000	0.017756	0.000000	0.000000	0.000000	0.046108	1.116862	1.105887	1.118163	1.066026	1.108945	1.184994
2018-04-01	1.695285	1.682380	1.694131	1.648855	1.694148	1.766125	0.018674	0.000000	0.093117	0.000000	0.000000	0.000000	0.006452	0.020960	0.000000	0.068506	0.076067	0.048430	0.024709	0.024665	0.154397	0.587668	0.146283	0.240979	0.201972	0.212825	0.180695	0.034195	0.000000	0.132958	0.000000	0.020254	0.010334	0.013877	0.039144	0.000000	0.055545	0.114285	0.081659	0.041663	0.045564	0.058040	0.000000	0.123282	0.114307	0.041151	0.020995	0.026905	0.424811	0.404038	0.392305	0.418079	0.394603	0.441384	0.213055	0.000000	0.061230	0.000000	0.000000	0.000000	0.066505	0.266735	0.000000	0.082575	0.000000	0.000000	0.000000	0.060641	0.213055	0.000000	0.061230	0.000000	0.000000	0.000000	0.066505	0.208186	0.000000	0.068334	0.000000	0.000000	0.000000	0.060617	0.213055	0.000000	0.061230	0.000000	0.000000	0.000000	0.066505	0.521393	0.000000	0.187168	0.000000	0.000000	0.015710	0.320024	1.142270	1.137963	1.138113	1.111279	1.138376	1.189790
2018-05-01	1.816331	1.778107	1.806404	1.766402	1.806425	1.809958	0.007776	0.000000	0.034248	0.000000	0.000000	0.000000	0.000000	0.016145	0.000000	0.062057	0.000000	0.000000	0.000000	0.000000	0.007776	0.000000	0.034248	0.000000	0.000000	0.000000	0.000000	0.158245	0.555405	0.268386	0.240505	0.194833	0.169396	0.169752	0.007776	0.000000	0.034248	0.000000	0.000000	0.000000	0.000000	0.038337	0.000000	0.077436	0.063171	0.067784	0.034584	0.027237	0.393455	0.366798	0.391957	0.407878	0.392099	0.430043	0.223169	0.000000	0.093292	0.000000	0.000000	0.000000	0.055585	0.195823	0.000000	0.114617	0.000000	0.000000	0.000000	0.055509	0.223169	0.000000	0.093292	0.000000	0.000000	0.000000	0.055585	0.240837	0.000000	0.165109	0.075641	0.051441	0.037963	0.088373	0.223169	0.000000	0.093292	0.000000	0.000000	0.000000	0.055585	0.265708	0.558566	0.153822	0.177881	0.064037	0.032672	0.100466	1.200551	1.190165	1.198946	1.166239	1.198884	1.278924
2018-06-01	1.912651	1.902698	1.912259	1.797385	1.912255	1.954122	0.005212	0.000000	0.029122	0.000000	0.000000	0.000000	0.000000	0.000000	0.000000	0.033882	0.000000	0.000000	0.000000	0.000000	0.000000	0.000000	0.025209	0.000000	0.000000	0.000000	0.000000	0.000000	0.000000	0.027534	0.000000	0.000000	0.000000	0.000000	0.000000	0.000000	0.025209	0.000000	0.000000	0.000000	0.000000	0.131914	0.000000	0.156028	0.115571	0.114476	0.105092	0.119175	0.399470	0.407115	0.398737	0.377829	0.398971	0.540610	0.099309	0.000000	0.050688	0.000000	0.000000	0.000000	0.037085	0.075213	0.000000	0.048358	0.000000	0.000000	0.000000	0.044122	0.106260	0.000000	0.052595	0.000000	0.000000	0.000000	0.037085	0.078612	0.000000	0.039751	0.000000	0.000000	0.000000	0.030288	0.106260	0.000000	0.051803	0.000000	0.000000	0.000000	0.037085	0.111480	0.000000	0.080816	0.000000	0.000000	0.011230	0.063143	1.228796	1.209052	1.227764	1.136415	1.227763	1.354660
2018-07-01	1.910437	1.887978	1.910525	1.792970	1.910462	1.961035	0.000000	0.000000	0.025766	0.000000	0.000000	0.000000	0.000000	0.004143	0.000000	0.036504	0.000000	0.000000	0.000000	0.000000	0.000000	0.000000	0.025766	0.000000	0.000000	0.000000	0.000000	0.000000	0.000000	0.043581	0.000000	0.000000	0.000000	0.000000	0.000000	0.000000	0.025766	0.000000	0.000000	0.000000	0.000000	0.004159	0.000000	0.059000	0.000000	0.000000	0.000000	0.000000	0.430049	0.441721	0.429951	0.435334	0.429951	0.470782	0.173138	0.000000	0.105525	0.000000	0.000000	0.000000	0.037821	0.194001	0.000000	0.140969	0.000000	0.000000	0.000000	0.051771	0.173138	0.000000	0.105525	0.000000	0.000000	0.000000	0.037821	0.178428	0.000000	0.111058	0.060943	0.021939	0.034242	0.064803	0.173138	0.000000	0.105525	0.000000	0.000000	0.000000	0.037821	0.216083	0.000000	0.169092	0.000000	0.021952	0.011200	0.069549	1.237874	1.224143	1.237428	1.168332	1.237426	1.333071
2018-08-01	1.796802	1.777391	1.796548	1.731570	1.796547	1.809313	0.000000	0.000000	0.029438	0.000000	0.000000	0.000000	0.000000	0.000000	0.000000	0.031249	0.000000	0.000000	0.000000	0.000000	0.000000	0.000000	0.029438	0.000000	0.000000	0.000000	0.000000	0.000000	0.000000	0.036181	0.000000	0.000000	0.000000	0.000000	0.000000	0.000000	0.029438	0.000000	0.000000	0.000000	0.000000	0.000000	0.000000	0.030978	0.000000	0.000000	0.000000	0.000000	0.423159	0.423482	0.422771	0.426491	0.422761	0.441809	0.093393	0.000000	0.064306	0.000000	0.000000	0.000000	0.031665	0.048144	0.000000	0.048869	0.000000	0.000000	0.000000	0.030866	0.093393	0.000000	0.064306	0.000000	0.000000	0.000000	0.031665	0.056037	0.000000	0.040107	0.000000	0.027030	0.013791	0.042488	0.093393	0.000000	0.064306	0.000000	0.000000	0.000000	0.031665	0.047647	0.000000	0.053990	0.000000	0.000000	0.000000	0.031518	1.201667	1.186348	1.201091	1.156214	1.200992	1.238383
2018-09-01	1.771163	1.749163	1.771117	1.743671	1.771118	1.770351	0.000000	0.000000	0.018872	0.000000	0.000000	0.000000	0.000000	0.000000	0.000000	0.019549	0.000000	0.000000	0.000000	0.000000	0.000000	0.000000	0.018872	0.000000	0.000000	0.000000	0.000000	0.000000	0.000000	0.027951	0.000000	0.000000	0.000000	0.000000	0.000000	0.000000	0.018872	0.000000	0.000000	0.000000	0.000000	0.000000	0.000000	0.038899	0.000000	0.000000	0.000000	0.000000	0.404522	0.403963	0.404499	0.417305	0.404513	0.432473	0.037441	0.000000	0.049809	0.000000	0.000000	0.000000	0.008643	0.037254	0.000000	0.047357	0.000000	0.000000	0.000000	0.015607	0.037441	0.000000	0.049809	0.000000	0.000000	0.000000	0.008643	0.024004	0.000000	0.041209	0.000000	0.000000	0.000000	0.010566	0.037441	0.000000	0.049809	0.000000	0.000000	0.000000	0.008643	0.036948	0.000000	0.043759	0.000000	0.000000	0.000000	0.015454	1.173102	1.158174	1.173007	1.152640	1.173003	1.212525
2018-10-01	1.788240	1.770556	1.787119	1.726566	1.787063	1.817129	0.043109	0.000000	0.046544	0.087453	0.031483	0.043117	0.057463	0.022248	0.000000	0.089055	0.000000	0.000000	0.000000	0.012857	0.025600	0.000000	0.051562	0.000000	0.000000	0.010794	0.038242	0.034471	0.000000	0.096328	0.000000	0.000000	0.000000	0.014829	0.000000	0.000000	0.023599	0.000000	0.000000	0.000000	0.000000	0.081499	0.000000	0.141595	0.055750	0.062621	0.063719	0.071093	0.433884	0.440804	0.431652	0.447634	0.427826	0.481522	0.028571	0.000000	0.043198	0.000000	0.000000	0.000000	0.000000	0.040956	0.000000	0.058158	0.000000	0.000000	0.000000	0.006236	0.028571	0.000000	0.043198	0.000000	0.000000	0.000000	0.000000	0.036263	0.000000	0.043619	0.000000	0.000000	0.000000	0.012681	0.028571	0.000000	0.043198	0.000000	0.000000	0.000000	0.000000	0.053349	0.000000	0.084766	0.000000	0.044215	0.033722	0.035619	1.172629	1.158820	1.171868	1.142275	1.170911	1.221760
2018-11-01	1.783326	1.731746	1.781350	1.778378	1.780714	1.834339	0.079568	0.000000	0.173917	0.000000	0.021662	0.055064	0.081244	0.196082	0.997072	0.202754	0.375731	0.293202	0.256967	0.258772	0.068512	0.000000	0.092163	0.000000	0.068363	0.079401	0.095517	0.009664	0.000000	0.063804	0.000000	0.000000	0.012223	0.014437	0.225887	0.000000	0.165425	0.182397	0.222620	0.290315	0.289233	0.224927	0.962084	0.264386	0.454711	0.329434	0.272650	0.261485	0.534716	0.490164	0.480288	0.459255	0.457880	0.546395	0.026170	0.000000	0.043276	0.000000	0.000000	0.000000	0.013125	0.049044	0.000000	0.055286	0.000000	0.000000	0.021642	0.030642	0.026170	0.000000	0.043276	0.000000	0.000000	0.000000	0.013125	0.060737	0.000000	0.072358	0.000000	0.000000	0.000000	0.025167	0.026170	0.000000	0.043276	0.000000	0.000000	0.000000	0.013125	0.057793	0.000000	0.062176	0.000000	0.000000	0.014307	0.032413	1.222584	1.187850	1.206473	1.120699	1.201847	1.319337
2018-12-01	1.760648	1.649123	1.749405	1.402989	1.746022	1.718797	0.391213	0.611833	0.472998	0.340157	0.415363	0.411182	0.390866	0.174968	0.000000	0.290922	0.233415	0.084030	0.067666	0.160768	0.231612	0.654236	0.404468	0.216283	0.182592	0.205212	0.234403	0.092832	0.000000	0.143053	0.233415	0.084030	0.067666	0.098529	0.221951	0.000000	0.406733	0.066847	0.099737	0.166474	0.180399	0.130977	0.000000	0.256356	0.000000	0.000000	0.000000	0.088776	0.997271	0.518630	0.949532	0.400139	0.514212	0.543561	0.038065	0.000000	0.049959	0.000000	0.077324	0.049831	0.030144	0.226884	0.573746	0.115093	0.318205	0.222438	0.212151	0.236574	0.051149	0.000000	0.072745	0.000000	0.000000	0.010380	0.012899	0.067378	0.000000	0.054304	0.000000	0.060805	0.050198	0.054409	0.010705	0.000000	0.025768	0.000000	0.027363	0.013961	0.008445	0.346568	0.573746	0.203821	0.530972	0.408625	0.347015	0.363032	1.382114	1.120463	1.269688	1.094302	1.159634	1.186845
2019-01-01	1.863021	1.602112	1.812502	1.621702	1.798873	1.675968	0.685581	0.680658	0.682028	0.739746	0.694560	0.705209	0.704191	0.411932	0.527129	0.496427	0.458728	0.389447	0.359009	0.384245	0.606011	0.714124	0.705473	0.800767	0.604235	0.604789	0.610247	0.390924	0.527129	0.456574	0.458728	0.389447	0.359009	0.382782	0.494454	0.527129	0.582472	0.458728	0.434382	0.436455	0.472990	0.405651	0.527129	0.491451	0.458728	0.389447	0.359009	0.384973	1.087448	0.768257	1.055991	0.652761	0.893153	0.747946	0.095317	0.578240	0.051025	0.129968	0.046789	0.023872	0.088490	0.284746	0.000000	0.184509	0.111772	0.253100	0.257659	0.288969	0.145395	1.469338	0.095652	0.326520	0.216749	0.221077	0.157613	0.170329	0.000000	0.060993	0.056880	0.180950	0.239828	0.225900	0.030707	0.000000	0.041141	0.000000	0.000000	0.000000	0.029362	0.335827	0.000000	0.191348	0.174455	0.331130	0.310023	0.354136	1.636293	1.257876	1.463941	1.219900	1.277507	1.365935
2019-02-01	1.667800	1.550067	1.669622	1.679618	1.650491	1.577219	0.148946	0.000000	0.230929	0.000000	0.113316	0.149368	0.142946	0.382455	1.104491	0.354214	0.477728	0.446777	0.429891	0.414444	0.096589	0.000000	0.239891	0.057504	0.065200	0.057553	0.068118	0.379260	1.104491	0.356145	0.477728	0.469867	0.427286	0.404419	0.239331	0.000000	0.270610	0.187074	0.256991	0.245572	0.247581	0.124123	0.000000	0.234479	0.062387	0.044940	0.080122	0.112430	0.810646	0.707468	0.878427	0.705271	0.786020	0.686882	0.086908	0.000000		0.000000	0.095526	0.048738	0.080448	0.058979	0.000000		0.000000	0.000000	0.000000	0.029566	0.021045	0.000000		0.000000	0.000000	0.000000	0.010872	0.028045	0.000000		0.000000	0.000000	0.000000	0.007298	0.021534	0.000000		0.000000	0.000000	0.000000	0.007298	0.073056	0.000000		0.000000	0.000000	0.000000	0.056302	1.229052	1.132928	1.221685	1.161895	1.190618	1.175516
2019-03-01	1.689850	1.679584	1.689700	1.679429	1.688378	1.716536	0.250922	0.000000	0.364323	0.000000	0.074193	0.153835	0.223807	0.170907	0.000000	0.292816	0.060631	0.087164	0.123980	0.143184	0.437461	0.000000	0.470817	0.312964	0.381152	0.403617	0.420629	0.170907	0.000000	0.281138	0.060631	0.087164	0.123980	0.143184	0.192217	0.000000	0.307497	0.060631	0.041970	0.115658	0.155763	0.170907	0.000000	0.283274	0.060631	0.087164	0.123980	0.143184	0.733555	0.684206	0.891569	0.691551	0.655777	0.655320	0.019346	0.000000	0.021391	0.057886	0.020839	0.010632	0.006432	0.108748	0.000000	0.047630	0.000000	0.132749	0.114801	0.116258	0.018351	0.000000	0.014166	0.114662	0.041278	0.021060	0.012740	0.140230	0.000000	0.057281	0.000000	0.000000	0.000000	0.117488	0.013997	0.000000	0.012972	0.000000	0.000000	0.000000	0.006235	0.113462	0.000000	0.061323	0.112282	0.182894	0.183916	0.142542	1.227188	1.198155	1.230820	1.196776	1.201724	1.233792
2019-04-01	1.767425	1.773828	1.764556	1.747983	1.763824	1.806791	0.142723	0.547723	0.212065	0.303530	0.221754	0.211660	0.150100	0.150871	0.000000	0.173191	0.000000	0.038595	0.104614	0.131684	0.150363	0.000000	0.139690	0.249261	0.302080	0.279031	0.209078	0.141899	0.000000	0.157817	0.000000	0.000000	0.075811	0.120832	0.064415	0.000000	0.167062	0.000000	0.000000	0.026069	0.054033	0.042675	0.000000	0.152861	0.000000	0.038595	0.019691	0.024714	0.605689	0.438153	0.546599	0.405607	0.544587	0.529751	0.022370	0.000000	0.010020	0.000000	0.000000	0.000000	0.014303	0.078474	0.000000	0.037183	0.118103	0.062688	0.042747	0.064392	0.022370	0.000000	0.010020	0.000000	0.000000	0.000000	0.014303	0.074630	0.000000	0.025149	0.000000	0.000000	0.000000	0.052120	0.022370	0.000000	0.012627	0.000000	0.000000	0.000000	0.014303	0.173794	0.000000	0.119537	0.140009	0.097700	0.106883	0.189245	1.241166	1.229021	1.216717	1.183065	1.215142	1.367625
2019-05-01	1.857409	1.858125	1.855498	1.864881	1.855510	1.952788	0.156124	0.000000	0.161339	0.195969	0.138743	0.124082	0.146931	0.105345	0.000000	0.080752	0.056185	0.087796	0.111540	0.103966	0.004215	0.000000	0.045536	0.000000	0.000000	0.000000	0.006297	0.091744	0.000000	0.127702	0.240321	0.128297	0.106174	0.104405	0.198512	0.509165	0.120679	0.375550	0.327168	0.253910	0.214268	0.189036	0.000000	0.229066	0.000000	0.073930	0.163142	0.178448	0.473579	0.448277	0.457563	0.415162	0.460234	0.513024	0.016717	0.000000	0.007360	0.000000	0.000000	0.000000	0.000000	0.061663	0.000000	0.039291	0.000000	0.000000	0.022710	0.045971	0.016717	0.000000	0.007360	0.000000	0.000000	0.000000	0.000000	0.061521	0.000000	0.031396	0.096776	0.034839	0.029532	0.049634	0.016717	0.000000	0.007360	0.000000	0.000000	0.000000	0.000000	0.145097	0.000000	0.124737	0.113667	0.105038	0.080298	0.136268	1.260093	1.262593	1.253534	1.229797	1.254201	1.392134
2019-06-01	1.920790	1.902171	1.919778	1.861487	1.919977	1.922204	0.008899	0.000000	0.022928	0.000000	0.043069	0.021974	0.013293	0.000000	0.000000	0.030259	0.000000	0.000000	0.000000	0.000000	0.000000	0.000000	0.020487	0.000000	0.000000	0.000000	0.000000	0.000000	0.000000	0.018445	0.000000	0.000000	0.000000	0.000000	0.000000	0.000000	0.020487	0.000000	0.000000	0.000000	0.000000	0.013045	0.000000	0.052039	0.000000	0.000000	0.000000	0.000000	0.444697	0.422574	0.443869	0.407233	0.443786	0.473153	0.004616	0.000000	0.007658	0.000000	0.000000	0.000000	0.000000	0.016659	0.000000	0.020531	0.000000	0.000000	0.000000	0.006731	0.004616	0.000000	0.006457	0.000000	0.000000	0.000000	0.000000	0.035515	0.000000	0.016382	0.000000	0.000000	0.000000	0.022522	0.009876	0.000000	0.007901	0.000000	0.000000	0.000000	0.000000	0.006619	0.000000	0.030331	0.000000	0.000000	0.000000	0.000000	1.268533	1.236107	1.267543	1.198984	1.267534	1.342477
2019-07-01	1.884285	1.871768	1.884309	1.847237	1.884295	1.873311	0.000000	0.000000	0.035154	0.000000	0.000000	0.000000	0.000000	0.000000	0.000000	0.041021	0.000000	0.000000	0.000000	0.000000	0.000000	0.000000	0.035154	0.000000	0.000000	0.000000	0.000000	0.000000	0.000000	0.046655	0.000000	0.000000	0.000000	0.000000	0.000000	0.000000	0.035154	0.000000	0.000000	0.000000	0.000000	0.027067	0.000000	0.084664	0.000000	0.000000	0.000000	0.027539	0.450465	0.458582	0.450434	0.453175	0.450434	0.492627	0.038709	0.000000	0.047232	0.000000	0.000000	0.000000	0.018467	0.055770	0.000000	0.084450	0.000000	0.000000	0.000000	0.030035	0.038709	0.000000	0.047232	0.000000	0.000000	0.000000	0.018467	0.063754	0.000000	0.079337	0.000000	0.000000	0.010214	0.025552	0.038709	0.000000	0.047232	0.000000	0.000000	0.000000	0.018467	0.048172	0.000000	0.064609	0.000000	0.000000	0.000000	0.028469	1.257642	1.249203	1.257390	1.242077	1.257347	1.318040
2019-08-01	1.787080	1.772209	1.787087	1.765525	1.787085	1.806103	0.000000	0.000000	0.026736	0.000000	0.000000	0.000000	0.000000	0.000000	0.000000	0.031197	0.000000	0.000000	0.000000	0.000000	0.000000	0.000000	0.026736	0.000000	0.000000	0.000000	0.000000	0.000000	0.000000	0.038098	0.000000	0.000000	0.000000	0.000000	0.000000	0.000000	0.026736	0.000000	0.000000	0.000000	0.000000	0.000000	0.000000	0.029745	0.000000	0.000000	0.000000	0.000000	0.428057	0.431785	0.427839	0.413107	0.427757	0.467150	0.045290	0.000000	0.057769	0.000000	0.000000	0.000000	0.025105	0.054457	0.000000	0.058829	0.000000	0.000000	0.000000	0.030189	0.045290	0.000000	0.057769	0.000000	0.000000	0.000000	0.025105	0.097145	0.000000	0.076345	0.000000	0.000000	0.000000	0.060479	0.045290	0.000000	0.057769	0.000000	0.000000	0.000000	0.025105	0.052620	0.000000	0.075684	0.000000	0.000000	0.000000	0.017400	1.235730	1.225972	1.235252	1.199894	1.235009	1.297226
2019-09-01	1.813301	1.800202	1.813327	1.777380	1.813327	1.841926	0.000000	0.000000	0.027580	0.000000	0.000000	0.000000	0.000000	0.000000	0.000000	0.028412	0.000000	0.000000	0.000000	0.000000	0.000000	0.000000	0.027580	0.000000	0.000000	0.000000	0.000000	0.000000	0.000000	0.034340	0.000000	0.000000	0.000000	0.000000	0.000000	0.000000	0.027580	0.000000	0.000000	0.000000	0.000000	0.004364	0.000000	0.040271	0.000000	0.000000	0.010776	0.006519	0.421549	0.420480	0.421549	0.413844	0.421574	0.445917	0.060935	0.000000	0.070249	0.000000	0.000000	0.000000	0.038687	0.065475	0.000000	0.080467	0.000000	0.000000	0.000000	0.039643	0.060935	0.000000	0.070249	0.000000	0.000000	0.000000	0.038687	0.116389	0.000000	0.092834	0.000000	0.000000	0.023532	0.084540	0.060935	0.000000	0.070249	0.000000	0.000000	0.000000	0.038687	0.052967	0.000000	0.084293	0.000000	0.020805	0.010615	0.038276	1.244675	1.240042	1.244705	1.224366	1.244702	1.291568
2019-10-01	1.863129	1.869410	1.861974	1.871741	1.862033	1.907658	0.004227	0.000000	0.042006	0.000000	0.000000	0.000000	0.000000	0.008984	0.000000	0.085271	0.000000	0.000000	0.000000	0.000000	0.004227	0.000000	0.042006	0.000000	0.000000	0.000000	0.000000	0.050753	0.000000	0.124743	0.000000	0.020544	0.023196	0.048692	0.004227	0.000000	0.040518	0.000000	0.000000	0.000000	0.000000	0.149812	0.000000	0.213034	0.059988	0.085143	0.150072	0.143292	0.453780	0.463808	0.450401	0.450568	0.450224	0.521946	0.078576	0.000000	0.082537	0.000000	0.000000	0.000000	0.046974	0.136890	0.000000	0.146217	0.000000	0.043123	0.076596	0.117280	0.078576	0.000000	0.082537	0.000000	0.000000	0.000000	0.046974	0.142254	0.000000	0.102170	0.000000	0.000000	0.049356	0.088107	0.078576	0.000000	0.082537	0.000000	0.000000	0.000000	0.046974	0.199030	0.000000	0.201479	0.000000	0.089630	0.148413	0.193767	1.282843	1.286192	1.280600	1.239380	1.280539	1.368256
2019-11-01	1.817759	1.793661	1.817111	1.775341	1.817106	1.886338	0.133034	0.000000	0.376783	0.060002	0.021601	0.035265	0.097203	0.270173	0.000000	0.286703	0.056846	0.157738	0.225570	0.243711	0.117465	0.000000	0.288724	0.000000	0.052040	0.058088	0.086789	0.354050	0.000000	0.341056	0.126398	0.333972	0.340185	0.349512	0.079018	0.000000	0.161520	0.000000	0.049864	0.062287	0.057664	0.306662	0.000000	0.325646	0.130169	0.237516	0.275614	0.299149	0.636066	0.501490	0.635476	0.514343	0.487377	0.534526	0.071839	0.000000	0.063011	0.000000	0.000000	0.000000	0.036679	0.096764	0.000000	0.112556	0.063588	0.022892	0.022467	0.071080	0.071839	0.000000	0.061859	0.000000	0.000000	0.000000	0.036679	0.087144	0.000000	0.082822	0.000000	0.000000	0.000000	0.055839	0.071839	0.000000	0.061859	0.000000	0.000000	0.000000	0.036679	0.150068	0.000000	0.180095	0.137213	0.092385	0.108285	0.141773	1.280053	1.255633	1.277763	1.199589	1.264238	1.372986
2019-12-01	1.872185	1.775274	1.814700	1.762704	1.807401	1.830519	0.610138	0.657310	0.556273	0.662548	0.612113	0.616425	0.633744	0.387593	0.000000	0.586780	0.741841	0.372908	0.395098	0.410361	0.960978	0.965267	1.052229	0.913476	0.941119	0.931457	0.929024	0.154904	0.000000	0.243807	0.198698	0.095931	0.130364	0.147936	0.233124	0.659623	0.343775	0.227813	0.082013	0.198375	0.223916	0.184895	0.000000	0.381662	0.329961	0.184777	0.175694	0.186199	0.777724	0.784867	0.805503	0.623732	0.760249	0.794234	0.417526	0.570807	0.277634	0.255368	0.254601	0.228640	0.247551	0.107540	0.000000	0.087948	0.000000	0.000000	0.024389	0.070146	0.093065	0.000000	0.087318	0.000000	0.020220	0.010317	0.040783	0.098340	0.000000	0.099582	0.000000	0.000000	0.024588	0.055080	0.063045	0.000000	0.048911	0.000000	0.000000	0.000000	0.023686	0.140398	0.000000	0.117691	0.000000	0.000000	0.045552	0.102794	1.292307	1.222422	1.253225	1.184663	1.237734	1.302782
2020-01-01	1.819352	1.805867	1.816891	1.732281	1.784946	1.786891	0.494436	0.587612	0.623473	0.514441	0.458149	0.480144	0.503008	0.527941	0.613073	0.518358	0.677526	0.595798	0.534389	0.542354	0.369980	0.549867	0.710627	0.442578	0.280121	0.301875	0.372704	0.539022	0.613073	0.520418	0.677526	0.620173	0.556286	0.563322	0.458042	0.000000	0.554360	0.215392	0.401073	0.422304	0.432452	0.379398	0.613073	0.473189	0.415391	0.345376	0.342805	0.373492	0.807244	0.738783	0.878523	0.727947	0.755220	0.741976	0.232819	0.000000	0.120964	0.000000	0.022721	0.087651	0.167013	0.519341	0.000000	0.457879	0.485435	0.552194	0.478917	0.552070	0.235205	0.000000	0.123072	0.000000	0.027956	0.064637	0.186325	0.241167	0.000000	0.212829	0.000000	0.100080	0.111570	0.186301	0.101149	0.000000	0.080340	0.000000	0.000000	0.000000	0.047729	0.090453	0.000000	0.076330	0.000000	0.000000	0.000000	0.043130	1.382876	1.284138	1.391707	1.287995	1.263731	1.325871
2020-02-01	1.842183	1.817378	1.840746	1.848737	1.834218	1.866879	0.244950	0.560000	0.403644	0.314349	0.245986	0.219904	0.220172	0.171054	0.737014	0.315656	0.216550	0.194842	0.181777	0.166110	1.018778	0.737014	1.212478	0.823167	1.035531	1.025393	1.050487	0.171054	0.737014	0.315586	0.216550	0.194842	0.181777	0.166110	0.288911	0.515983	0.424512	0.238138	0.215386	0.234313	0.249009	0.171054	0.737014	0.312859	0.216550	0.194842	0.181777	0.166110	0.897150	0.655741	0.884379	0.624885	0.772251	0.672110	0.134258	0.000000	0.098861	0.100010	0.078460	0.071639	0.088933	0.237808	0.520913	0.097632	0.256913	0.115712	0.150798	0.185265	0.059061	0.000000	0.041293	0.000000	0.000000	0.000000	0.025085	0.182105	0.000000	0.107515	0.000000	0.000000	0.046027	0.108435	0.091287	0.000000	0.059793	0.000000	0.000000	0.010243	0.046674	0.154295	0.000000	0.088017	0.079092	0.028473	0.048250	0.093601	1.420333	1.311857	1.452314	1.293383	1.291149	1.391712
2020-03-01	1.783271	1.745391	1.782395	1.764607	1.780765	1.752918	0.287192	0.000000	0.356831	0.247917	0.266318	0.271261	0.289138	0.194461	0.000000	0.258235	0.122811	0.096130	0.090955	0.140142	0.567565	0.574759	0.608619	0.472642	0.488935	0.537939	0.567811	0.101484	0.000000	0.239007	0.000000	0.000000	0.000000	0.055580	0.330437	0.000000	0.392552	0.261862	0.353679	0.365309	0.356066	0.036975	0.000000	0.179625	0.000000	0.000000	0.000000	0.006871	0.551262	0.487984	0.595221	0.532151	0.547186	0.507380	0.139924	0.000000	0.058949	0.084084	0.077305	0.039441	0.086982	0.089681	0.000000	0.043475	0.000000	0.000000	0.010381	0.063057	0.177339	0.000000	0.072601	0.000000	0.076895	0.049442	0.125824	0.157639	0.000000	0.060738	0.000000	0.000000	0.024495	0.124917	0.078738	0.000000	0.033748	0.000000	0.000000	0.000000	0.040213	0.097082	0.000000	0.057962	0.000000	0.052741	0.037957	0.081668	1.227488	1.176283	1.225589	1.205230	1.210751	1.250242
2020-04-01	1.758963	1.738991	1.757368	1.709893	1.756422	1.792332	0.009105	0.000000	0.065760	0.000000	0.000000	0.000000	0.007276	0.021740	0.000000	0.141026	0.000000	0.000000	0.000000	0.000000	0.071661	0.000000	0.098576	0.000000	0.000000	0.024377	0.061227	0.009900	0.000000	0.128116	0.000000	0.000000	0.000000	0.000000	0.008611	0.000000	0.059171	0.000000	0.000000	0.000000	0.006538	0.043326	0.000000	0.149752	0.000000	0.000000	0.017097	0.032040	0.440771	0.396939	0.414647	0.380584	0.414512	0.425258	0.041331	0.000000	0.023371	0.000000	0.000000	0.000000	0.033163	0.063961	0.000000	0.069231	0.000000	0.000000	0.000000	0.043355	0.041331	0.000000	0.024630	0.000000	0.000000	0.000000	0.033163	0.092614	0.000000	0.056260	0.000000	0.000000	0.000000	0.067197	0.047075	0.000000	0.027635	0.000000	0.000000	0.000000	0.031310	0.040111	0.000000	0.062003	0.000000	0.000000	0.000000	0.025689	1.211166	1.198596	1.204875	1.180286	1.204087	1.247933
2020-05-01	1.841551	1.831899	1.841218	1.787181	1.841010	1.855749	0.123688	0.508892	0.149494	0.293699	0.181030	0.104774	0.122709	0.098376	0.000000	0.137372	0.065600	0.112650	0.114126	0.097478	0.051482	0.000000	0.105967	0.000000	0.000000	0.000000	0.017982	0.081768	0.000000	0.185884	0.000000	0.061767	0.087524	0.101236	0.163437	0.582425	0.096605	0.420655	0.221798	0.202477	0.192617	0.292681	0.558521	0.305724	0.427777	0.374357	0.318737	0.273230	0.522258	0.458458	0.455814	0.460622	0.450563	0.512174	0.039788	0.000000	0.077250	0.000000	0.000000	0.000000	0.022634	0.078317	0.000000	0.116553	0.000000	0.000000	0.000000	0.051577	0.039788	0.000000	0.077250	0.000000	0.000000	0.000000	0.022634	0.139686	0.000000	0.162212	0.000000	0.000000	0.000000	0.093910	0.039788	0.000000	0.077250	0.000000	0.000000	0.000000	0.022634	0.052287	0.000000	0.116518	0.000000	0.000000	0.000000	0.029698	1.283040	1.276445	1.277911	1.226023	1.277570	1.385321
2020-06-01	1.959074	1.967559	1.959035	1.862087	1.959165	1.997535	0.000000	0.000000	0.023057	0.000000	0.000000	0.000000	0.000000	0.000000	0.000000	0.038144	0.000000	0.000000	0.000000	0.000000	0.000000	0.000000	0.023057	0.000000	0.000000	0.000000	0.000000	0.004784	0.000000	0.033128	0.000000	0.000000	0.000000	0.000000	0.000000	0.000000	0.023057	0.000000	0.000000	0.000000	0.000000	0.000000	0.000000	0.060106	0.000000	0.000000	0.000000	0.000000	0.432805	0.431346	0.431123	0.425561	0.431118	0.452587	0.082915	0.000000	0.127991	0.000000	0.000000	0.000000	0.052973	0.105410	0.000000	0.154658	0.000000	0.000000	0.000000	0.073533	0.082915	0.000000	0.127991	0.000000	0.000000	0.000000	0.052973	0.088442	0.000000	0.132934	0.000000	0.000000	0.016225	0.073497	0.082915	0.000000	0.127991	0.000000	0.000000	0.000000	0.052973	0.092571	0.000000	0.154404	0.000000	0.000000	0.000000	0.053986	1.291912	1.268200	1.291227	1.250695	1.291186	1.342442
2020-07-01	1.918196	1.906003	1.917763	1.868761	1.917782	1.952396	0.000000	0.000000	0.043806	0.000000	0.000000	0.000000	0.000000	0.000000	0.000000	0.051871	0.000000	0.000000	0.000000	0.000000	0.000000	0.000000	0.043806	0.000000	0.000000	0.000000	0.000000	0.004833	0.000000	0.051704	0.000000	0.000000	0.000000	0.000000	0.000000	0.000000	0.042666	0.000000	0.000000	0.000000	0.000000	0.013401	0.000000	0.081661	0.000000	0.000000	0.011816	0.007148	0.430597	0.436109	0.430149	0.433065	0.430458	0.465266	0.079287	0.000000	0.144267	0.000000	0.000000	0.000000	0.042515	0.080888	0.000000	0.147944	0.000000	0.000000	0.000000	0.042249	0.079287	0.000000	0.144267	0.000000	0.000000	0.000000	0.042515	0.104528	0.000000	0.158171	0.000000	0.000000	0.000000	0.054741	0.079287	0.000000	0.144267	0.000000	0.000000	0.000000	0.042515	0.080620	0.000000	0.145115	0.000000	0.000000	0.000000	0.041232	1.288271	1.283049	1.287924	1.254056	1.287748	1.356109
2020-08-01	1.879651	1.866031	1.879609	1.843062	1.879588	1.891345	0.000000	0.000000	0.032829	0.000000	0.000000	0.000000	0.000000	0.000000	0.000000	0.033836	0.000000	0.000000	0.000000	0.000000	0.000000	0.000000	0.032829	0.000000	0.000000	0.000000	0.000000	0.000000	0.000000	0.055329	0.000000	0.000000	0.000000	0.000000	0.000000	0.000000	0.032829	0.000000	0.000000	0.000000	0.000000	0.000000	0.000000	0.036626	0.000000	0.000000	0.000000	0.000000	0.409377	0.407114	0.408034	0.402788	0.408052	0.428442	0.059607	0.000000	0.133548	0.000000	0.000000	0.000000	0.032699	0.060431	0.000000	0.135302	0.000000	0.000000	0.000000	0.033464	0.059607	0.000000	0.130836	0.000000	0.000000	0.000000	0.032699	0.050414	0.000000	0.124485	0.000000	0.000000	0.000000	0.035907	0.059607	0.000000	0.132102	0.000000	0.000000	0.000000	0.032699	0.060537	0.000000	0.149263	0.000000	0.000000	0.000000	0.032556	1.263361	1.253812	1.262782	1.223726	1.262817	1.309828
2020-09-01	1.825652	1.817367	1.825338	1.843234	1.825358	1.816040	0.000000	0.000000	0.037527	0.000000	0.000000	0.000000	0.000000	0.000000	0.000000	0.043734	0.000000	0.000000	0.000000	0.000000	0.000000	0.000000	0.037527	0.000000	0.000000	0.000000	0.000000	0.000000	0.000000	0.054458	0.000000	0.000000	0.000000	0.000000	0.000000	0.000000	0.037527	0.000000	0.000000	0.000000	0.000000	0.000000	0.000000	0.047272	0.000000	0.000000	0.000000	0.000000	0.403770	0.406566	0.403733	0.406343	0.403684	0.423941	0.027518	0.000000	0.106039	0.000000	0.000000	0.000000	0.000000	0.032219	0.000000	0.107480	0.000000	0.000000	0.000000	0.000000	0.027518	0.000000	0.103472	0.000000	0.000000	0.000000	0.000000	0.072640	0.000000	0.136691	0.000000	0.000000	0.000000	0.035662	0.027518	0.000000	0.103472	0.000000	0.000000	0.000000	0.000000	0.020986	0.000000	0.098116	0.000000	0.000000	0.000000	0.000000	1.224300	1.211095	1.223580	1.232271	1.223567	1.242458
2020-10-01	1.807653	1.781270	1.807467	1.790928	1.807461	1.841413	0.000000	0.000000	0.046839	0.000000	0.000000	0.000000	0.000000	0.000000	0.000000	0.047777	0.000000	0.000000	0.000000	0.000000	0.000000	0.000000	0.046839	0.000000	0.000000	0.000000	0.000000	0.000000	0.000000	0.044507	0.000000	0.000000	0.000000	0.000000	0.000000	0.000000	0.046839	0.000000	0.000000	0.000000	0.000000	0.004140	0.000000	0.059622	0.000000	0.000000	0.000000	0.000000	0.410298	0.414382	0.410491	0.432246	0.410513	0.435472	0.063185	0.000000	0.105554	0.000000	0.000000	0.000000	0.034322	0.077664	0.000000	0.112940	0.000000	0.000000	0.000000	0.043123	0.058994	0.000000	0.100420	0.000000	0.000000	0.000000	0.028062	0.083652	0.000000	0.130824	0.000000	0.000000	0.000000	0.037859	0.058994	0.000000	0.100420	0.000000	0.000000	0.000000	0.028062	0.059014	0.000000	0.115636	0.000000	0.000000	0.000000	0.028714	1.234084	1.213502	1.234010	1.225208	1.234017	1.258679
2020-11-01	1.867444	1.865573	1.866523	1.848964	1.866201	1.886781	0.253525	0.674884	0.304614	0.402075	0.302617	0.258580	0.233598	0.239155	0.000000	0.235013	0.152717	0.149411	0.202336	0.210405	0.099177	0.000000	0.128210	0.289954	0.183855	0.117880	0.098843	0.015222	0.000000	0.075889	0.000000	0.000000	0.000000	0.009677	0.038552	0.000000	0.108255	0.000000	0.021290	0.010862	0.028876	0.151963	0.000000	0.200787	0.249890	0.195388	0.156377	0.152827	0.474449	0.472402	0.444522	0.452917	0.448238	0.503449	0.131410	0.000000	0.141219	0.000000	0.000000	0.038596	0.098422	0.148799	0.000000	0.189372	0.000000	0.117834	0.073477	0.110484	0.085096	0.000000	0.115610	0.000000	0.000000	0.000000	0.038337	0.173897	0.000000	0.168008	0.000000	0.000000	0.000000	0.136750	0.085096	0.000000	0.115610	0.000000	0.000000	0.000000	0.038337	0.245099	0.000000	0.210290	0.265386	0.345810	0.234037	0.222887	1.279541	1.269165	1.275168	1.250702	1.274626	1.331722
2020-12-01	1.809672	1.712838	1.807479	1.614269	1.806135	1.805230	0.274484	0.710174	0.429809	0.511509	0.342989	0.321930	0.284599	0.186102	0.537777	0.264973	0.134208	0.048315	0.131945	0.173519	0.257088	0.719587	0.297651	0.482209	0.470958	0.375940	0.296037	0.163781	0.537777	0.263127	0.134208	0.086877	0.135047	0.163468	0.162745	0.000000	0.279386	0.262227	0.144291	0.128019	0.135828	0.091551	0.537777	0.209085	0.059753	0.044856	0.072757	0.079030	0.860915	0.496529	0.860138	0.520891	0.703495	0.511717	0.099110	0.000000	0.111190	0.000000	0.000000	0.013533	0.064236	0.141748	0.000000	0.129385	0.126130	0.073012	0.090095	0.108924	0.086593	0.000000	0.102468	0.000000	0.000000	0.015265	0.045538	0.162016	0.000000	0.121382	0.000000	0.000000	0.065229	0.128756	0.080411	0.000000	0.111116	0.000000	0.000000	0.000000	0.036303	0.220248	0.000000	0.180510	0.197191	0.173080	0.164911	0.193951	1.277994	1.158466	1.260647	1.180621	1.234387	1.214054
2021-01-01	1.760359	1.652816	1.757131	1.576323	1.757371	1.744016	0.517568	0.870789	0.483403	0.820597	0.671752	0.593854	0.551237	0.369499	0.830686	0.393782	0.695968	0.579944	0.461539	0.415521	0.330139	0.881142	0.376967	0.667919	0.383561	0.350908	0.365843	0.324356	0.830686	0.361093	0.695968	0.559513	0.443233	0.371141	0.702385	1.546715	0.627566	1.159814	1.006474	0.841138	0.751254	0.357842	0.830686	0.384099	0.695968	0.561807	0.449460	0.391666	0.908420	0.622025	0.927568	0.631203	0.762207	0.616182	0.093375	0.000000	0.120679	0.000000	0.000000	0.000000	0.079081	0.143685	0.000000	0.145103	0.000000	0.020541	0.050494	0.106728	0.151343	0.000000	0.168872	0.141562	0.127677	0.093957	0.141013	0.272922	0.000000	0.198447	0.000000	0.020766	0.087993	0.200001	0.085553	0.000000	0.116127	0.000000	0.000000	0.000000	0.039605	0.169816	0.000000	0.175852	0.000000	0.023465	0.108172	0.142682	1.610116	1.230943	1.485049	1.234261	1.338612	1.305438
2021-02-01	1.895203	1.886259	1.888296	1.854838	1.881669	1.938758	0.430193	0.786344	0.401569	0.621074	0.526932	0.458255	0.418732	0.404497	1.045092	0.503964	0.708144	0.523833	0.467689	0.396320	0.758514	0.000000	1.131749	0.529413	0.602523	0.640176	0.661941	0.418256	1.045092	0.566038	0.682145	0.540051	0.488149	0.408697	0.266790	0.762032	0.307570	0.428182	0.350601	0.281512	0.236643	0.381748	1.045092	0.480147	0.708144	0.523833	0.436479	0.377440	0.828955	0.664780	1.084570	0.816996	0.731295	0.639856	0.111336	0.000000	0.192889	0.152616	0.111537	0.086464	0.085430	0.187054	0.000000	0.208688	0.000000	0.074590	0.087971	0.145664	0.107939	0.000000	0.157767	0.000000	0.000000	0.000000	0.053913	0.248182	0.000000	0.191600	0.000000	0.055150	0.145525	0.229897	0.101460	0.000000	0.159880	0.000000	0.000000	0.000000	0.053913	0.280821	0.000000	0.337394	0.216500	0.177613	0.170127	0.233832	1.683159	1.401533	1.657202	1.434690	1.418729	1.463423
2021-03-01	1.953836	1.882290	1.942497	1.862093	1.939038	1.901715	0.346481	0.838789	0.387172	0.664946	0.462380	0.408617	0.373773	0.577390	1.250406	0.582076	0.842619	0.683296	0.668634	0.606777	0.345384	1.322096	0.424941	0.887358	0.567034	0.431567	0.364102	0.431099	0.987066	0.454631	0.640654	0.544546	0.482070	0.440003	0.432488	0.987066	0.464500	0.675316	0.596996	0.513469	0.441348	0.571629	1.250406	0.568534	0.842619	0.657037	0.655237	0.598672	0.727143	0.580368	0.881768	0.644709	0.592411	0.543879	0.073573	0.000000	0.106635	0.000000	0.000000	0.027981	0.043298	0.076412	0.000000	0.096171	0.000000	0.000000	0.000000	0.042941	0.073573	0.000000	0.105105	0.000000	0.000000	0.027981	0.043298	0.200648	0.000000	0.187722	0.000000	0.090563	0.087361	0.150301	0.062241	0.000000	0.095740	0.000000	0.000000	0.000000	0.026371	0.079759	0.000000	0.097173	0.000000	0.000000	0.000000	0.047154	1.356345	1.272086	1.367444	1.298000	1.334144	1.322324
2021-04-01	2.008772	1.943396	2.006798	2.023286	2.006809	1.950028	0.182988	0.535065	0.325362	0.279426	0.235486	0.175096	0.140958	0.048975	0.000000	0.107161	0.000000	0.000000	0.020809	0.027031	0.059599	0.000000	0.146827	0.056743	0.040839	0.043703	0.040341	0.007558	0.000000	0.058682	0.000000	0.000000	0.000000	0.000000	0.118643	0.606123	0.165912	0.252835	0.181631	0.103113	0.082072	0.018711	0.000000	0.086474	0.056889	0.020480	0.010449	0.006321	0.535517	0.392289	0.484529	0.398216	0.452288	0.396235	0.045854	0.000000	0.072861	0.000000	0.000000	0.000000	0.019216	0.070442	0.000000	0.087740	0.000000	0.000000	0.000000	0.034432	0.052056	0.000000	0.070834	0.000000	0.000000	0.000000	0.019216	0.098886	0.000000	0.091278	0.000000	0.000000	0.035131	0.063068	0.052056	0.000000	0.070834	0.000000	0.000000	0.000000	0.019216	0.094454	0.000000	0.105121	0.000000	0.000000	0.000000	0.055542	1.352730	1.286125	1.343129	1.304608	1.337591	1.341174
2021-05-01	2.064347	2.047678	2.064334	2.041009	2.064332	2.076413	0.025248	0.000000	0.094531	0.000000	0.040600	0.031072	0.018797	0.014862	0.000000	0.105516	0.000000	0.000000	0.000000	0.006247	0.012666	0.000000	0.091079	0.000000	0.000000	0.000000	0.000000	0.008646	0.000000	0.099139	0.000000	0.000000	0.000000	0.000000	0.012666	0.000000	0.091079	0.000000	0.000000	0.000000	0.000000	0.058538	0.558016	0.137782	0.186187	0.090487	0.080909	0.069276	0.474599	0.475752	0.472688	0.464492	0.472594	0.527081	0.096064	0.000000	0.145938	0.000000	0.000000	0.000000	0.050523	0.106132	0.000000	0.158441	0.000000	0.000000	0.000000	0.062541	0.096064	0.000000	0.145938	0.000000	0.000000	0.000000	0.050523	0.128129	0.000000	0.172633	0.000000	0.000000	0.000000	0.051351	0.096064	0.000000	0.145938	0.000000	0.000000	0.000000	0.050523	0.082592	0.000000	0.169088	0.000000	0.000000	0.000000	0.043254	1.407568	1.406910	1.407196	1.384512	1.407216	1.491486
2021-06-01	2.180470	2.177982	2.180504	2.134450	2.180455	2.225890	0.005471	0.000000	0.090412	0.000000	0.000000	0.000000	0.000000	0.009360	0.000000	0.092968	0.000000	0.000000	0.000000	0.000000	0.005471	0.000000	0.090412	0.000000	0.000000	0.000000	0.000000	0.009623	0.000000	0.089473	0.000000	0.000000	0.000000	0.000000	0.005471	0.000000	0.090412	0.000000	0.000000	0.000000	0.000000	0.029432	0.000000	0.104149	0.130327	0.046918	0.023938	0.028467	0.461103	0.460150	0.460955	0.451674	0.460955	0.483243	0.092965	0.000000	0.175233	0.000000	0.000000	0.000000	0.044809	0.115943	0.000000	0.196888	0.000000	0.000000	0.032087	0.079172	0.092965	0.000000	0.175233	0.000000	0.000000	0.000000	0.044809	0.124828	0.000000	0.191309	0.139655	0.050276	0.049697	0.086420	0.092965	0.000000	0.175233	0.000000	0.000000	0.000000	0.044809	0.129684	0.000000	0.219354	0.000000	0.000000	0.056422	0.096103	1.441444	1.414963	1.435322	1.380497	1.435320	1.519964
2021-07-01	2.188378	2.167575	2.188466	2.113949	2.188455	2.181786	0.000000	0.000000	0.064021	0.000000	0.000000	0.000000	0.000000	0.008840	0.000000	0.072176	0.000000	0.000000	0.000000	0.000000	0.000000	0.000000	0.064021	0.000000	0.000000	0.000000	0.000000	0.008849	0.000000	0.104221	0.000000	0.000000	0.000000	0.000000	0.000000	0.000000	0.064021	0.000000	0.000000	0.000000	0.000000	0.009268	0.000000	0.081931	0.000000	0.000000	0.000000	0.000000	0.439827	0.439026	0.439598	0.434076	0.439599	0.470473	0.133210	0.000000	0.218889	0.000000	0.000000	0.011147	0.080994	0.148445	0.000000	0.232456	0.000000	0.000000	0.022111	0.094369	0.133210	0.000000	0.218889	0.000000	0.000000	0.011147	0.080994	0.141314	0.000000	0.208069	0.000000	0.000000	0.031862	0.100821	0.133210	0.000000	0.218889	0.000000	0.000000	0.011147	0.080994	0.122780	0.000000	0.235568	0.000000	0.000000	0.022236	0.071908	1.436150	1.422169	1.435857	1.384850	1.435800	1.509249
2021-08-01	2.150510	2.133756	2.150346	2.114269	2.150333	2.177367	0.008923	0.000000	0.085894	0.000000	0.000000	0.000000	0.000000	0.026135	0.000000	0.092802	0.000000	0.000000	0.010758	0.019119	0.008923	0.000000	0.085894	0.000000	0.000000	0.000000	0.000000	0.062135	0.000000	0.143508	0.119012	0.064225	0.065041	0.066461	0.008923	0.000000	0.085894	0.000000	0.000000	0.000000	0.000000	0.049989	0.527076	0.130800	0.116795	0.042046	0.021452	0.039184	0.418280	0.421651	0.417632	0.404052	0.417632	0.454678	0.108377	0.000000	0.201218	0.000000	0.000000	0.000000	0.065463	0.112791	0.000000	0.205661	0.000000	0.000000	0.000000	0.071072	0.108377	0.000000	0.199882	0.000000	0.000000	0.000000	0.065463	0.139668	0.000000	0.212061	0.056282	0.020261	0.010337	0.089598	0.108377	0.000000	0.199882	0.000000	0.000000	0.000000	0.065463	0.107815	0.000000	0.211508	0.000000	0.000000	0.011260	0.067187	1.394207	1.381891	1.392839	1.347439	1.392724	1.454329
2021-09-01	2.110692	2.098600	2.110424	2.109057	2.110434	2.135709	0.008457	0.000000	0.071473	0.000000	0.000000	0.000000	0.000000	0.022452	0.000000	0.084571	0.176096	0.063395	0.032344	0.019566	0.008457	0.000000	0.071473	0.000000	0.000000	0.000000	0.000000	0.023625	0.000000	0.088396	0.000000	0.000000	0.000000	0.007602	0.008457	0.000000	0.071473	0.000000	0.000000	0.000000	0.000000	0.091987	0.000000	0.128254	0.279562	0.193144	0.111383	0.093908	0.431185	0.438706	0.431115	0.437799	0.431115	0.480774	0.080480	0.000000	0.138807	0.000000	0.000000	0.000000	0.046587	0.087983	0.000000	0.157579	0.000000	0.000000	0.000000	0.055123	0.080480	0.000000	0.138807	0.000000	0.000000	0.000000	0.046587	0.077217	0.000000	0.152406	0.000000	0.000000	0.000000	0.031164	0.080480	0.000000	0.142571	0.000000	0.000000	0.000000	0.046587	0.091194	0.000000	0.188009	0.000000	0.000000	0.000000	0.056271	1.369367	1.347830	1.369243	1.338020	1.369182	1.430744
2021-10-01	2.179087	2.158137	2.178837	2.111101	2.178873	2.197126	0.013472	0.000000	0.060007	0.000000	0.000000	0.000000	0.000000	0.004759	0.000000	0.065334	0.000000	0.000000	0.000000	0.000000	0.004979	0.000000	0.058233	0.000000	0.000000	0.000000	0.000000	0.013038	0.000000	0.067848	0.000000	0.000000	0.000000	0.006398	0.004979	0.000000	0.058233	0.000000	0.000000	0.000000	0.000000	0.132955	0.545898	0.173116	0.222962	0.168488	0.141594	0.122675	0.439785	0.433818	0.436483	0.435509	0.435918	0.467724	0.083720	0.000000	0.158696	0.000000	0.000000	0.000000	0.043427	0.098471	0.000000	0.185661	0.000000	0.000000	0.010848	0.059919	0.083720	0.000000	0.158696	0.000000	0.000000	0.000000	0.043427	0.126093	0.000000	0.170975	0.000000	0.000000	0.011572	0.086309	0.083720	0.000000	0.158696	0.000000	0.000000	0.000000	0.043427	0.091136	0.000000	0.178187	0.000000	0.000000	0.021393	0.061656	1.395157	1.376053	1.394538	1.342565	1.394252	1.463103
2021-11-01	2.035422	1.936670	2.034448	2.120298	2.034378	1.922287	0.315847	0.000000	0.353852	0.136529	0.241114	0.245970	0.264564	0.078636	0.859079	0.130150	0.348014	0.173862	0.111358	0.101981	0.254022	0.709189	0.225893	0.644566	0.538301	0.380793	0.312742	0.072208	0.544292	0.180027	0.060477	0.021772	0.034153	0.041064	0.022381	0.544292	0.074481	0.060477	0.021772	0.033278	0.020131	0.163375	1.260896	0.168803	0.582132	0.416083	0.270820	0.208376	0.469990	0.436952	0.438648	0.472790	0.434711	0.470307	0.049214	0.000000	0.096241	0.000000	0.000000	0.000000	0.025292	0.060494	0.000000	0.100328	0.000000	0.000000	0.000000	0.040004	0.049214	0.000000	0.095025	0.000000	0.000000	0.000000	0.025292	0.077328	0.000000	0.139012	0.000000	0.023217	0.024355	0.053647	0.049214	0.000000	0.095025	0.000000	0.000000	0.000000	0.025292	0.062410	0.000000	0.097178	0.000000	0.000000	0.000000	0.040044	1.360461	1.311683	1.354719	1.306666	1.351695	1.424335
2021-12-01	2.002519	1.875748	2.016073	2.017489	1.986708	1.947498	0.626036	1.123116	0.643699	0.939055	0.813983	0.698075	0.646478	0.759706	1.329492	0.851061	0.961271	0.989505	0.831108	0.754842	0.631540	1.331890	0.762325	1.179541	0.902443	0.697748	0.640055	0.580991	1.329492	0.517662	0.922944	0.851800	0.720131	0.631198	0.539314	1.011790	0.535720	0.934555	0.741812	0.670960	0.583076	0.725607	1.004216	0.840379	0.938065	1.073052	0.893993	0.795061	0.908690	0.840888	1.061621	0.723325	0.834813	0.883013	0.069604	0.000000	0.120420	0.000000	0.021723	0.021915	0.048528	0.195665	0.000000	0.205340	0.000000	0.044947	0.129353	0.173631	0.165810	0.000000	0.217133	0.119790	0.043124	0.041061	0.131132	0.138068	0.000000	0.161740	0.000000	0.000000	0.031916	0.115227	0.046779	0.000000	0.086797	0.000000	0.000000	0.000000	0.033575	0.357340	0.576476	0.375711	0.209729	0.240726	0.295277	0.348684	1.524486	1.439671	1.549555	1.413447	1.404998	1.564616
2022-01-01	2.093996	1.958291	1.998618	1.940362	1.989142	2.018170	0.478640	1.007542	0.543583	0.791709	0.626211	0.537061	0.495080	0.469445	0.855904	0.479527	0.681625	0.550940	0.494924	0.487833	0.366284	0.000000	0.454065	0.382102	0.334478	0.328343	0.335081	0.467117	0.855904	0.487754	0.681625	0.550940	0.494924	0.484355	0.697366	1.113788	0.749930	1.028179	0.857638	0.806735	0.727491	0.467117	0.855904	0.479623	0.681625	0.550940	0.494924	0.484355	1.071128	0.888448	1.231951	0.846930	1.006858	0.935699	0.290438	0.000000		0.350365	0.213818	0.200603	0.241464	0.146872	0.000000		0.000000	0.080670	0.076334	0.126039	0.274806	0.000000		0.077998	0.094923	0.159784	0.209357	0.120927	0.000000		0.000000	0.000000	0.010786	0.083867	0.295496	0.000000		0.080465	0.028967	0.059041	0.210047	0.127443	0.000000		0.000000	0.000000	0.023773	0.092711	2.262306	1.494484	2.102122	1.484895	1.502440	1.553634
2022-02-01	2.068663	1.973156	2.097839	1.974691	2.041942	2.002869	0.583080	1.081419	0.547063	0.869910	0.741111	0.681905	0.638278	0.701019	0.954570	0.654145	0.924193	0.815379	0.772123	0.742565	0.617963	1.056245	0.590817	0.934908	0.859121	0.761930	0.710456	0.691074	0.954570	0.656859	0.924193	0.814291	0.756908	0.747891	0.374972	1.019851	0.437505	0.784791	0.526727	0.432127	0.417815	0.543557	0.967668	0.615054	0.798483	0.643031	0.589590	0.554534	0.761958	0.674697	0.991246	0.730089	0.677240	0.696985	0.155208	0.626963	0.240033	0.069663	0.045492	0.057722	0.095082	0.224707	0.511060	0.297246	0.176945	0.086229	0.127036	0.174818	0.364423	1.273991	0.370857	0.476296	0.279062	0.264615	0.368523	0.161302	0.524535	0.187717	0.116609	0.062303	0.075960	0.127178	0.210279	0.000000	0.226428	0.000000	0.025513	0.056939	0.132312	0.204933	0.000000	0.300302	0.063037	0.067287	0.121277	0.153097	1.623079	1.449085	1.687825	1.425548	1.480704	1.494445
2022-03-01	2.075718	2.068001	2.068296	2.035862	2.063810	2.123359	0.441911	0.617359	0.465419	0.549857	0.481778	0.462347	0.429835	0.479573	0.720839	0.462795	0.679641	0.550382	0.498831	0.481060	0.347567	0.000000	0.474562	0.140141	0.104547	0.212234	0.285933	0.479573	0.720839	0.462795	0.679641	0.550382	0.498831	0.481060	0.528311	0.720839	0.496445	0.679641	0.602598	0.547260	0.531221	0.479573	0.720839	0.462795	0.679641	0.550382	0.498831	0.481060	0.835115	0.753940	1.072130	0.702917	0.712247	0.724873		0.000000		0.159197					0.000000		0.481507					0.000000		0.000000					0.000000		0.000000					0.000000		0.000000					0.000000		0.414333				1.545685	1.532717	1.567127	1.561049	1.464557	1.604601
2022-04-01	2.233943	2.292843	2.225608	2.144163	2.224719	2.430561	0.476951	0.690828	0.456295	0.770160	0.645909	0.548024	0.512727	0.424112	0.850673	0.470914	0.696438	0.455170	0.469980	0.433347	0.252610	0.797709	0.221805	0.437856	0.400673	0.306008	0.275981	0.369864	0.815107	0.410735	0.608839	0.428782	0.399143	0.373530	0.484276	0.611075	0.541292	0.732460	0.631071	0.520346	0.493728	0.460920	0.994387	0.487956	0.710988	0.522708	0.507021	0.461186	0.627194	0.572811	0.532052	0.489345	0.565826	0.716883	0.219757	0.000000	0.230224	0.225829	0.233530	0.216758	0.217365	0.322047	0.652871	0.276009	0.594595	0.433949	0.350347	0.315105	0.107281	0.000000	0.122067	0.000000	0.023207	0.060860	0.092980	0.103700	0.000000	0.114049	0.000000	0.022110	0.022192	0.071815	0.102442	0.000000	0.115758	0.000000	0.000000	0.048910	0.085751	0.448649	0.588467	0.413615	0.633936	0.531540	0.476354	0.458538	1.530969	1.549240	1.512909	1.450771	1.511477	1.715681
2022-05-01	2.357410	2.366068	2.348896	2.339579	2.347384	2.445364	0.325219	0.561734	0.321898	0.436076	0.411655	0.399219	0.351394	0.535465	0.741931	0.449778	0.662986	0.592891	0.563981	0.555179	0.286925	0.593029	0.278673	0.502637	0.424542	0.398579	0.312061	0.258008	0.608636	0.248692	0.529073	0.357782	0.264431	0.241404	0.345346	0.593029	0.317571	0.576736	0.543495	0.458999	0.379435	0.713104	0.770569	0.680140	0.830118	0.816328	0.783801	0.744665	0.533491	0.538509	0.522662	0.522778	0.520008	0.789135	0.111283	0.000000	0.176018	0.000000	0.000000	0.021776	0.083523	0.183558	0.000000	0.229426	0.184211	0.066316	0.093317	0.137264	0.111283	0.000000	0.163153	0.000000	0.000000	0.021776	0.083523	0.150792	0.000000	0.176448	0.187209	0.109824	0.089412	0.112393	0.111283	0.000000	0.163153	0.000000	0.000000	0.021776	0.083523	0.220209	0.000000	0.288628	0.065865	0.023711	0.091478	0.158641	1.618301	1.649381	1.614159	1.553169	1.613788	1.832389
2022-06-01	2.470720	2.474372	2.470051	2.386396	2.469635	2.575654	0.036229	0.000000	0.116453	0.000000	0.000000	0.000000	0.006404	0.031803	0.000000	0.125974	0.000000	0.021487	0.023020	0.013926	0.036229	0.000000	0.116453	0.000000	0.000000	0.000000	0.006404	0.012557	0.000000	0.077242	0.000000	0.000000	0.000000	0.006326	0.036229	0.000000	0.116453	0.000000	0.000000	0.000000	0.006404	0.161419	0.599364	0.233412	0.135593	0.149311	0.162728	0.136234	0.501463	0.505437	0.500022	0.499569	0.500001	0.563137	0.183645	0.000000	0.262089	0.062223	0.044623	0.078957	0.139932	0.328035	0.000000	0.380042	0.394160	0.386541	0.366182	0.328740	0.164057	0.000000	0.261722	0.062223	0.044623	0.078957	0.132754	0.236401	0.000000	0.259539	0.285417	0.198151	0.175758	0.224447	0.146376	0.000000	0.256871	0.062223	0.044623	0.068485	0.112518	0.531376	0.613957	0.583083	0.698380	0.579345	0.495854	0.527578	1.641981	1.617601	1.639846	1.555924	1.639505	1.740002
2022-07-01	2.478430	2.470866	2.478241	2.427073	2.478250	2.489947	0.066924	0.000000	0.168461	0.179885	0.106468	0.075677	0.059874	0.084095	0.000000	0.194630	0.122448	0.106605	0.096848	0.078241	0.066924	0.000000	0.168461	0.179885	0.106468	0.075677	0.059874	0.026607	0.000000	0.091722	0.000000	0.020595	0.021335	0.019143	0.066924	0.000000	0.168461	0.179885	0.106468	0.075677	0.059874	0.095045	0.533867	0.213049	0.259062	0.181651	0.124659	0.095285	0.542628	0.579482	0.542084	0.559513	0.542098	0.656027	0.166909	0.000000	0.255042	0.121614	0.064944	0.120261	0.138153	0.245491	0.661670	0.321305	0.452502	0.254357	0.233182	0.235831	0.166405	0.000000	0.254317	0.121614	0.064944	0.120261	0.138153	0.204817	0.000000	0.237256	0.236744	0.172222	0.178698	0.169913	0.166405	0.000000	0.254317	0.121614	0.064944	0.120261	0.138153	0.303440	0.681547	0.394841	0.495706	0.369611	0.339024	0.313457	1.632407	1.633489	1.627259	1.589568	1.627203	1.741867
2022-08-01	2.223359	2.192916	2.222949	2.299813	2.222940	2.171246	0.000000	0.000000	0.041401	0.000000	0.000000	0.000000	0.000000	0.000000	0.000000	0.040852	0.000000	0.000000	0.000000	0.000000	0.000000	0.000000	0.041401	0.000000	0.000000	0.000000	0.000000	0.000000	0.000000	0.031602	0.000000	0.000000	0.000000	0.000000	0.000000	0.000000	0.041401	0.000000	0.000000	0.000000	0.000000	0.000000	0.000000	0.041325	0.000000	0.000000	0.000000	0.000000	0.466216	0.466309	0.466216	0.451645	0.466216	0.493136	0.076136	0.000000	0.130358	0.000000	0.000000	0.000000	0.036054	0.081407	0.000000	0.128378	0.000000	0.000000	0.000000	0.045877	0.076136	0.000000	0.130358	0.000000	0.000000	0.000000	0.036054	0.115299	0.000000	0.168522	0.000000	0.000000	0.000000	0.073507	0.076136	0.000000	0.130358	0.000000	0.000000	0.000000	0.036054	0.047349	0.000000	0.109657	0.000000	0.000000	0.000000	0.022600	1.437693	1.407230	1.437268	1.409865	1.437097	1.485745
2022-09-01	2.348141	2.354076	2.348251	2.224959	2.348256	2.361815	0.004807	0.000000	0.058596	0.000000	0.000000	0.000000	0.000000	0.008613	0.000000	0.067994	0.000000	0.000000	0.000000	0.006212	0.004807	0.000000	0.058596	0.000000	0.000000	0.000000	0.000000	0.000000	0.000000	0.063668	0.000000	0.000000	0.000000	0.000000	0.004807	0.000000	0.058596	0.000000	0.000000	0.000000	0.000000	0.022784	0.000000	0.088521	0.000000	0.000000	0.000000	0.020042	0.469634	0.473014	0.469568	0.472883	0.469566	0.497260	0.101460	0.000000	0.197685	0.000000	0.000000	0.021839	0.070430	0.155251	0.545725	0.258783	0.186720	0.109915	0.090678	0.122078	0.101460	0.000000	0.196617	0.000000	0.000000	0.021839	0.070430	0.111132	0.000000	0.186600	0.000000	0.000000	0.010668	0.071470	0.101460	0.000000	0.196617	0.000000	0.000000	0.021839	0.070430	0.166055	0.528757	0.248317	0.240958	0.086745	0.093999	0.128345	1.507224	1.513735	1.507193	1.414796	1.507179	1.610750
2022-10-01	2.365528	2.342596	2.362587	2.201083	2.362709	2.553355	0.165529	0.000000	0.167176	0.238774	0.312003	0.245611	0.185474	0.272935	0.568730	0.274375	0.442241	0.276462	0.296388	0.279151	0.035050	0.000000	0.100435	0.000000	0.000000	0.021649	0.025802	0.035750	0.000000	0.108314	0.118562	0.063782	0.054367	0.045653	0.052606	0.000000	0.109057	0.000000	0.028950	0.065002	0.052028	0.450002	0.619387	0.455372	0.271564	0.208325	0.328655	0.416488	0.486827	0.504192	0.481970	0.465920	0.482001	0.594067	0.120966	0.000000	0.229150	0.000000	0.000000	0.021666	0.074399	0.226307	0.527050	0.314184	0.373771	0.243119	0.202273	0.213349	0.120966	0.000000	0.227095	0.000000	0.000000	0.021666	0.074399	0.115621	0.000000	0.141666	0.065040	0.044282	0.061738	0.094297	0.120966	0.000000	0.227095	0.000000	0.000000	0.021666	0.074399	0.287785	0.000000	0.417105	0.239904	0.266493	0.252651	0.254632	1.507448	1.524792	1.505687	1.423364	1.505579	1.654337
2022-11-01	2.219263	2.193815	2.216339	2.074790	2.216428	2.284763	0.580927	0.674659	0.474417	0.776606	0.695979	0.630264	0.606621	0.247175	0.000000	0.248084	0.193789	0.217968	0.217775	0.240753	0.172612	0.000000	0.169938	0.237027	0.322901	0.225177	0.184356	0.133476	0.000000	0.126279	0.118760	0.144884	0.105117	0.138501	0.139158	0.000000	0.162669	0.199311	0.185464	0.158657	0.144116	0.375349	0.541178	0.398069	0.378991	0.399076	0.359028	0.369477	0.541755	0.511114	0.495202	0.489330	0.494276	0.596384	0.098615	0.000000	0.170160	0.000000	0.000000	0.028299	0.072708	0.173213	0.524315	0.235447	0.286575	0.145549	0.121131	0.165998	0.091448	0.000000	0.168193	0.000000	0.000000	0.010601	0.062001	0.103693	0.000000	0.136091	0.000000	0.000000	0.033134	0.071737	0.091448	0.000000	0.168193	0.000000	0.000000	0.010601	0.062001	0.196100	0.518263	0.271276	0.176962	0.170905	0.147532	0.177328	1.463287	1.438203	1.451217	1.364631	1.450547	1.550469
2022-12-01	2.211893	2.268787	2.208463	2.239065	2.208730	2.362004	0.729615	0.700329	0.645145	0.726416	0.758182	0.743083	0.736858	0.545605	0.000000	0.611002	0.392298	0.369903	0.424569	0.488905	0.481947	0.516121	0.487698	0.599339	0.583228	0.521860	0.503729	0.359229	0.000000	0.418664	0.392298	0.362729	0.321045	0.344711	0.568461	0.692681	0.549865	0.642393	0.636733	0.589235	0.572749	0.425237	0.000000	0.549921	0.375521	0.371038	0.329080	0.371632	0.622122	0.812936	0.577289	0.593292	0.588218	0.930568	0.127951	0.000000	0.194612	0.059641	0.021471	0.034570	0.085637	0.345249	0.589929	0.360464	0.489482	0.429095	0.371808	0.345413	0.155647	0.000000	0.203168	0.059641	0.063205	0.086715	0.125537	0.151675	0.000000	0.170369	0.000000	0.000000	0.010381	0.122685	0.155647	0.000000	0.203168	0.059641	0.063205	0.086715	0.125537	0.280641	0.562089	0.304893	0.444392	0.346178	0.282179	0.277098	1.489761	1.536103	1.444730	1.410907	1.431503	1.641997
2023-01-01	2.413160	2.321329	2.307261	2.118905	2.329360	2.349653	0.561001	0.607924	0.531414	0.697656	0.612007	0.567906	0.546412	0.504906	0.669708	0.575390	0.717711	0.616408	0.540819	0.490711	0.431491	0.657077	0.388279	0.679397	0.476657	0.410775	0.409478	0.505301	0.669708	0.499407	0.717711	0.616408	0.540819	0.501095	0.759308	0.757459	0.738765	0.848067	0.799819	0.746285	0.751970	0.501325	0.669708	0.594426	0.656736	0.594457	0.529619	0.480322	0.968055	0.822077	0.871625	0.643987	0.738074	1.024315	0.484655	0.000000		0.055777	0.215947	0.303215	0.397453	0.452339	0.000000		0.462127	0.455601	0.450360	0.463883	0.219160	0.000000		0.055777	0.064289	0.056624	0.143530	0.285591	0.000000		0.170920	0.162832	0.202508	0.264086	0.173786	0.000000		0.055777	0.064289	0.056624	0.107780	0.349265	0.000000		0.305205	0.328586	0.328496	0.345695	1.614306	1.640701	1.569571	1.445861	1.569574	1.762507
2023-02-01	2.520716	2.602342	2.487188	2.363720	2.518931	2.755325	0.873793	0.814431	1.026477	0.882690	0.861661	0.848642	0.862391	0.648381	0.773715	0.730069	0.703791	0.694296	0.643064	0.639163	0.650824	0.756444	0.909686	0.601504	0.656701	0.604872	0.609502	0.644160	0.773715	0.734977	0.703791	0.672632	0.631403	0.631971	0.658659	0.773715	0.772057	0.703791	0.672632	0.631403	0.637511	0.653687	0.773715	0.739524	0.703791	0.694296	0.644473	0.646203	1.647993	1.063472	1.546570	1.053957	1.417783	1.087833	0.645540	1.218646		0.695999	0.661134	0.641626	0.649353	0.372488	0.000000		0.311619	0.302767	0.299618	0.328208	0.407150	0.000000		0.296206	0.250608	0.268763	0.400367	0.337480	0.000000		0.311619	0.290553	0.293386	0.324338	0.484311	0.000000		0.296206	0.374305	0.377881	0.441191	0.335102	0.000000		0.296206	0.285004	0.290555	0.318922	2.121151	2.008269	2.057945	1.774280	1.926968	2.068136
2023-03-01	2.401130	2.349071	2.387604	1.983298	2.389855	2.433079	0.223921	0.576880	0.320061	0.213712	0.119683	0.197092	0.229354	0.743695	0.886225	0.740105	0.811510	0.789403	0.747175	0.754621	0.716513	0.886225	0.761153	0.811510	0.754304	0.729267	0.727906	0.716513	0.886225	0.724405	0.811510	0.754304	0.729267	0.727906	0.623043	0.886225	0.694576	0.811510	0.701457	0.639177	0.619227	0.735795	0.886225	0.724380	0.811510	0.789403	0.747175	0.745588	0.667533	0.661024	0.774760	0.753001	0.793850	0.670759	0.144942	0.000000	0.141942	0.000000	0.040950	0.035272	0.081582	0.576048	0.000000	0.467786	0.657889	0.589536	0.586391	0.580190	0.209093	0.605130	0.169808	0.191227	0.171851	0.158324	0.179059	0.128706	0.000000	0.135945	0.000000	0.044329	0.077973	0.107688	0.234126	0.605130	0.188277	0.264531	0.228698	0.188607	0.191559	0.570750	0.661256	0.405553	0.728338	0.628262	0.613277	0.605818	1.664864	1.599810	1.662724	1.435878	1.671839	1.712553
2023-04-01	2.488714	2.494943	2.485107	2.420869	2.483208	2.586438	0.752817	0.590791	0.641612	0.830180	0.827789	0.808813	0.773246	0.669385	1.171680	0.632311	0.650174	0.569982	0.623462	0.653262	0.447558	0.668690	0.426947	0.649688	0.586170	0.502219	0.478701	0.475161	0.669426	0.415094	0.594368	0.489395	0.465293	0.479857	0.452662	0.668690	0.498203	0.600511	0.446188	0.402117	0.420602	0.536471	0.668690	0.639480	0.600511	0.471474	0.448792	0.497524	0.605461	0.636044	0.561898	0.467908	0.570500	0.843201	0.113130	0.000000	0.118822	0.083577	0.052000	0.064762	0.081608	0.212694	0.000000	0.186127	0.192966	0.185575	0.200174	0.212031	0.121085	0.000000	0.111081	0.000000	0.042825	0.059041	0.093491	0.190926	0.000000	0.171853	0.000000	0.076477	0.116964	0.173228	0.121085	0.000000	0.104456	0.000000	0.042825	0.059041	0.093491	0.153423	0.000000	0.171948	0.115898	0.061973	0.064491	0.117314	1.615429	1.663664	1.604473	1.417271	1.605467	1.797020
2023-05-01	2.588624	2.585963	2.581205	2.408577	2.580343	2.641182	0.412125	0.621850	0.431870	0.502729	0.477701	0.457952	0.442237	0.646871	0.724124	0.614389	0.748168	0.748296	0.680758	0.664114	0.408262	0.732671	0.450342	0.599764	0.449391	0.463435	0.437478	0.502896	0.617574	0.479522	0.711932	0.647758	0.592982	0.512257	0.420136	0.609165	0.432982	0.602697	0.541198	0.521945	0.457203	0.753890	0.964824	0.785974	0.903132	0.787016	0.762592	0.759428	0.580315	0.614200	0.565860	0.577696	0.564386	0.792113	0.091321	0.000000	0.135237	0.000000	0.000000	0.035615	0.065021	0.471344	0.862321	0.444407	0.725733	0.612974	0.544355	0.512169	0.087144	0.000000	0.131637	0.000000	0.000000	0.035615	0.058781	0.161778	0.000000	0.159860	0.192803	0.173444	0.126593	0.144257	0.102560	0.000000	0.131847	0.000000	0.000000	0.035615	0.073300	0.735927	0.630508	0.716968	0.681135	0.686961	0.690442	0.720859	1.685991	1.697537	1.678670	1.614397	1.678434	1.862726
2023-06-01	2.798760	2.881785	2.798246	2.536770	2.799565	2.990125	0.342186	0.583529	0.383596	0.572576	0.468049	0.367474	0.332091	0.379591	0.604019	0.460351	0.546386	0.436895	0.387237	0.363669	0.290780	0.519268	0.359343	0.547355	0.306519	0.254539	0.266810	0.281590	0.659458	0.332082	0.500692	0.364851	0.312570	0.268571	0.290780	0.519268	0.359343	0.547355	0.306519	0.254539	0.266810	0.656184	0.532591	0.743723	0.678085	0.614198	0.588059	0.631606	0.576850	0.626755	0.566754	0.572883	0.565417	0.999273	0.442341	0.000000	0.528617	0.236736	0.300170	0.388248	0.393945	0.761005	0.794664	0.809721	0.873172	0.770448	0.732578	0.738422	0.431864	0.000000	0.511912	0.236736	0.298289	0.375242	0.383286	0.228274	0.000000	0.268110	0.231674	0.236105	0.225143	0.197305	0.431864	0.000000	0.513152	0.236736	0.298289	0.375242	0.383286	0.818690	0.716440	0.887124	0.712102	0.757504	0.753029	0.786074	1.766442	1.841632	1.763430	1.680025	1.763436	2.065615
2023-07-01	2.609318	2.611833	2.609211	2.486076	2.609042	2.641562	0.137408	0.000000	0.262622	0.055597	0.082180	0.106064	0.123529	0.153181	0.000000	0.279353	0.000000	0.041915	0.105870	0.136997	0.137408	0.000000	0.262622	0.055597	0.082180	0.106064	0.123529	0.042903	0.000000	0.182885	0.000000	0.021683	0.031870	0.031902	0.137408	0.000000	0.262622	0.055597	0.082180	0.106064	0.123529	0.377831	0.611259	0.457742	0.410537	0.408879	0.423844	0.425625	0.563203	0.576955	0.562157	0.536421	0.562129	0.760666	0.339233	0.542454	0.403399	0.302454	0.390442	0.328832	0.327448	0.466904	0.760017	0.475679	0.646657	0.571853	0.495783	0.467938	0.339233	0.542454	0.401417	0.302454	0.390442	0.328832	0.327448	0.167339	0.000000	0.191017	0.059145	0.122610	0.062556	0.107453	0.339233	0.542454	0.401729	0.302454	0.390442	0.328832	0.327448	0.456540	0.620082	0.496112	0.536342	0.498814	0.495307	0.455562	1.727323	1.748501	1.726413	1.645647	1.726292	1.923903
2023-08-01	2.504079	2.472887	2.504276	2.366314	2.504589	2.532734	0.125485	0.534595	0.228200	0.116151	0.041814	0.063036	0.108515	0.175769	0.548492	0.258871	0.292612	0.125478	0.138632	0.161835	0.125485	0.534595	0.228200	0.116151	0.041814	0.063036	0.108515	0.000000	0.000000	0.075285	0.000000	0.000000	0.000000	0.000000	0.125485	0.534595	0.228200	0.116151	0.041814	0.063036	0.108515	0.629642	0.588295	0.707071	0.639933	0.590593	0.605832	0.615957	0.555407	0.574436	0.554739	0.497636	0.554742	0.941414	0.211537	0.519977	0.323905	0.057775	0.061312	0.108246	0.151237	0.213318	0.512387	0.333915	0.056932	0.061118	0.108234	0.153605	0.211537	0.519977	0.328621	0.057775	0.061312	0.108246	0.151237	0.130116	0.000000	0.232783	0.059312	0.062850	0.063577	0.097124	0.211537	0.519977	0.328463	0.057775	0.061312	0.108246	0.151237	0.277660	0.502759	0.368032	0.169392	0.149934	0.201638	0.252572	1.659295	1.642826	1.659035	1.537455	1.659158	1.828599
2023-09-01	2.436781	2.430264	2.432854	2.291876	2.432901	2.477500	0.085205	0.000000	0.185824	0.113991	0.041037	0.031359	0.072280	0.118896	0.000000	0.207964	0.119511	0.043024	0.033087	0.094344	0.085205	0.000000	0.185824	0.113991	0.041037	0.031359	0.072280	0.009656	0.000000	0.073892	0.000000	0.000000	0.000000	0.000000	0.094158	0.000000	0.192047	0.113991	0.041037	0.031359	0.072280	0.227298	0.550345	0.265074	0.241759	0.130710	0.164693	0.197354	0.532355	0.541123	0.532263	0.504767	0.532357	0.628428	0.110919	0.545270	0.209724	0.060586	0.021811	0.021384	0.068074	0.244785	0.784556	0.280498	0.206373	0.185102	0.166035	0.205413	0.110919	0.545270	0.210878	0.060586	0.021811	0.021384	0.068074	0.072668	0.545270	0.130945	0.060586	0.021811	0.021542	0.027273	0.110919	0.545270	0.210878	0.060586	0.021811	0.021384	0.068074	0.171658	0.514740	0.223711	0.057193	0.069791	0.077419	0.127516	1.641544	1.647919	1.639960	1.498998	1.639861	1.795736
2023-10-01	2.625946	2.658691	2.626702	2.365093	2.627505	2.734191	0.141261	0.000000	0.196385	0.000000	0.082181	0.085388	0.123826	0.286400	0.000000	0.308431	0.281953	0.297024	0.277420	0.281819	0.126296	0.000000	0.178985	0.000000	0.082181	0.085388	0.116201	0.068324	0.000000	0.145760	0.000000	0.040803	0.020818	0.052216	0.126296	0.000000	0.178985	0.000000	0.082181	0.085388	0.116201	0.447073	0.000000	0.454563	0.440581	0.461741	0.422971	0.427142	0.529568	0.586064	0.528467	0.516061	0.528455	0.765405	0.331083	0.662199	0.444999	0.480041	0.389460	0.313038	0.324316	0.606980	0.885733	0.650243	0.809663	0.705511	0.613834	0.622436	0.331083	0.662199	0.444999	0.480041	0.389460	0.313038	0.324316	0.171507	0.572173	0.175029	0.251577	0.178801	0.137123	0.145676	0.331083	0.662199	0.444999	0.480041	0.389460	0.313038	0.324316	0.524487	0.901229	0.562198	0.627214	0.539970	0.507621	0.524384	1.697179	1.762455	1.696900	1.551862	1.696936	1.913008
2023-11-01	2.694350	2.732947	2.703648	2.405125	2.711396	2.841012	0.329670	0.000000	0.573200	0.072014	0.329354	0.289737	0.326061	0.805462	0.937925	0.809033	0.814344	0.810042	0.801233	0.800364	0.388250	0.545875	0.421313	0.433160	0.464060	0.412491	0.391443	0.386893	0.557300	0.352022	0.493063	0.438346	0.352996	0.390419	0.329628	0.545875	0.338750	0.427603	0.425196	0.367515	0.352079	0.958271	1.224437	0.966240	1.076200	1.020929	0.983831	0.966584	1.100308	1.048607	0.737180	0.596722	0.653528	1.217336	0.501338	0.604989	0.532674	0.624583	0.505755	0.500877	0.494669	0.695450	0.672588	0.727559	0.729418	0.691347	0.695468	0.682749	0.501338	0.604989	0.535366	0.624583	0.505755	0.500877	0.494669	0.168722	0.537426	0.209609	0.332732	0.249618	0.188695	0.167635	0.501338	0.604989	0.535366	0.624583	0.505755	0.500877	0.494669	0.727255	0.796371	0.764546	0.769743	0.743311	0.734058	0.713453	1.781967	1.908636	1.757747	1.594343	1.762651	2.044292
2023-12-01	2.247589	2.104984	2.233396	2.194966	2.230008	2.068072	0.301202	0.555137	0.366506	0.507560	0.393527	0.292648	0.294770	0.610078	0.626089	0.668044	0.650039	0.684600	0.595104	0.616432	0.198488	0.000000	0.258729	0.163908	0.182442	0.157262	0.207489	0.295633	0.626089	0.316005	0.522386	0.441471	0.360455	0.306509	0.314672	0.579432	0.397899	0.446958	0.356390	0.309764	0.289870	0.509490	0.626089	0.524337	0.534159	0.560135	0.507285	0.523786	0.789618	0.767258	0.697360	0.653288	0.726258	0.819258	0.098201	0.000000	0.125147	0.156788	0.076968	0.072374	0.070722	0.363556	0.641999	0.350441	0.543261	0.484746	0.401885	0.341117	0.085797	0.000000	0.111313	0.117919	0.062976	0.055022	0.052193	0.113418	0.000000	0.160450	0.000000	0.050695	0.052903	0.059057	0.104780	0.000000	0.119099	0.117919	0.062976	0.066933	0.064406	0.366562	0.000000	0.339545	0.473063	0.463107	0.370753	0.345149	1.532867	1.437921	1.510495	1.397968	1.511479	1.529111
2024-01-01	2.246931	2.271218	2.217175	2.101513	2.215456	2.261875	0.633482	1.067860	0.658833	0.723571	0.627016	0.621129	0.617761	0.412878	0.675315	0.431147	0.561181	0.482604	0.458767	0.417097	0.513088	0.675315	0.612052	0.464987	0.403716	0.469096	0.488788	0.412878	0.675315	0.431549	0.561181	0.482604	0.458767	0.417097	0.444808	0.675315	0.451749	0.561181	0.485688	0.464969	0.434329	0.412878	0.675315	0.431549	0.561181	0.482604	0.458767	0.417097	1.184158	0.809673	1.535749	0.711524	0.674574	0.788523	0.545868	0.761535	0.468910	0.543614	0.446963	0.507317	0.535144	0.406250	0.571809	0.344389	0.694001	0.694150	0.536163	0.450149	0.290840	0.000000	0.211788	0.126507	0.156330	0.151689	0.255194	0.128939	0.000000	0.184742	0.126507	0.155612	0.127794	0.128811	0.185494	0.000000	0.175992	0.185332	0.177507	0.162494	0.158600	0.316444	0.000000	0.265993	0.307319	0.425117	0.346397	0.309501	1.703979	1.744217	1.701821	1.517220	1.568864	1.786845
2024-02-01	2.323005	2.265130	2.283236	2.245499	2.280225	2.237215	0.436208	0.515285	0.531379	0.154351	0.314749	0.359072	0.409855	0.728372	0.662728	0.664577	0.770820	0.794587	0.801851	0.763840	0.221739	0.670383	0.414557	0.251337	0.195535	0.198315	0.212258	0.649423	0.662728	0.610180	0.772863	0.737814	0.688057	0.668277	0.536008	0.000000	0.634872	0.055889	0.311277	0.395885	0.502407	0.568265	0.662728	0.597631	0.575508	0.598279	0.596873	0.582212	1.073394	0.633064	1.152294	0.610009	0.691447	0.664248	0.457487	1.607871	0.402833	0.842422	0.671630	0.549431	0.512229	0.362261	0.000000	0.265517	0.684242	0.512178	0.394822	0.360768	0.181291	0.531093	0.158245	0.374486	0.226773	0.149922	0.160982	0.276541	0.531093	0.278988	0.374486	0.272011	0.207532	0.249203	0.194024	0.531093	0.162977	0.374486	0.246975	0.160229	0.166172	0.240656	0.523196	0.172813	0.375825	0.415349	0.258332	0.241198	1.673077	1.493409	1.616534	1.509055	1.552040	1.518544
2024-03-01	2.442260	2.420473	2.426172	2.293345	2.425580	2.509411	0.454550	0.695353	0.455975	0.630172	0.582383	0.495030	0.479975	0.604915	0.546253	0.523205	0.616864	0.571085	0.637522	0.630516	0.400971	0.513049	0.566972	0.597518	0.542531	0.426494	0.396332	0.576695	0.546253	0.474276	0.616864	0.562078	0.624286	0.616515	0.550648	0.670641	0.629264	0.483464	0.551424	0.523938	0.540255	0.494128	0.546253	0.517201	0.562335	0.560320	0.518752	0.519754	0.737517	0.623057	0.573857	0.553542	0.629285	0.687807	0.148011	0.691353		0.218287	0.185200	0.104764	0.122480	0.255725	0.934079		0.591774	0.365584	0.266813	0.258401	0.155559	0.691353		0.377579	0.249052	0.137341	0.132162	0.143126	0.691353		0.331145	0.252098	0.166386	0.137265	0.152111	0.691353		0.331227	0.232365	0.128827	0.127012	0.229471	0.700370		0.451113	0.284448	0.236582	0.233116	1.597371	1.576304	1.575078	1.512898	1.578302	1.711853
2024-04-01	2.553034	2.538583	2.548597	2.535658	2.548635	2.554564	0.351655	0.813217	0.356692	0.522633	0.484913	0.429984	0.380963	0.275283	0.620625	0.241601	0.370940	0.304034	0.297549	0.303031	0.226300	0.543314	0.217126	0.300971	0.188323	0.225699	0.223060	0.150245	0.543314	0.124411	0.360949	0.240777	0.205532	0.168168	0.285901	0.543314	0.288047	0.372724	0.335610	0.293557	0.264299	0.370178	0.578740	0.363640	0.366286	0.321851	0.339951	0.351916	0.659328	0.520053	0.530143	0.471486	0.525053	0.656822	0.102311	0.000000	0.132095	0.063164	0.048404	0.024696	0.072501	0.154561	0.566022	0.194242	0.139241	0.093012	0.071046	0.121145	0.101946	0.000000	0.131995	0.063164	0.046636	0.023794	0.071956	0.120522	0.000000	0.127969	0.063164	0.046636	0.023794	0.098153	0.101946	0.000000	0.131995	0.063164	0.046636	0.023794	0.071956	0.185618	0.000000	0.236416	0.000000	0.115335	0.131983	0.146313	1.680509	1.679750	1.651822	1.585593	1.653000	1.815181
2024-05-01	2.409822	2.331667	2.405423	2.260674	2.405424	2.359409	0.066305	0.000000	0.076576	0.360314	0.232719	0.140833	0.092095	0.004877	0.000000	0.021190	0.000000	0.000000	0.000000	0.007286	0.049249	0.000000	0.058441	0.243403	0.170562	0.110209	0.073569	0.008916	0.000000	0.016368	0.000000	0.020743	0.010583	0.006402	0.048719	0.514413	0.045433	0.351251	0.215332	0.120306	0.072778	0.033156	0.000000	0.052326	0.193845	0.115395	0.058875	0.035616	0.478783	0.397485	0.467533	0.405153	0.467013	0.443713	0.183832	0.000000	0.145211	0.000000	0.094273	0.107865	0.139632	0.070613	0.000000	0.085182	0.000000	0.000000	0.000000	0.045865	0.067942	0.000000	0.077127	0.000000	0.000000	0.000000	0.037214	0.059883	0.000000	0.075425	0.000000	0.000000	0.000000	0.040108	0.067942	0.000000	0.077127	0.000000	0.000000	0.000000	0.037214	0.079739	0.000000	0.094539	0.000000	0.000000	0.032732	0.060050	1.513420	1.420726	1.508974	1.366905	1.508915	1.533007
2024-06-01	2.208794	2.172852	2.208678	2.154412	2.208669	2.164717	0.000000	0.000000	0.019080	0.000000	0.000000	0.000000	0.000000	0.000000	0.000000	0.025069	0.000000	0.000000	0.000000	0.000000	0.000000	0.000000	0.019080	0.000000	0.000000	0.000000	0.000000	0.000000	0.000000	0.021047	0.000000	0.000000	0.000000	0.000000	0.000000	0.000000	0.019080	0.000000	0.000000	0.000000	0.000000	0.012862	0.000000	0.048550	0.000000	0.000000	0.000000	0.000000	0.417114	0.399674	0.417070	0.385687	0.417063	0.462853	0.027659	0.000000	0.061165	0.000000	0.000000	0.000000	0.000000	0.025432	0.000000	0.073709	0.000000	0.000000	0.000000	0.000000	0.027659	0.000000	0.061165	0.000000	0.000000	0.000000	0.000000	0.019342	0.000000	0.078710	0.000000	0.000000	0.000000	0.000000	0.027659	0.000000	0.061165	0.000000	0.000000	0.000000	0.000000	0.017564	0.000000	0.046249	0.000000	0.000000	0.000000	0.000000	1.367524	1.309224	1.367425	1.300996	1.367422	1.374473
2024-07-01	2.179701	2.177356	2.179597	2.226331	2.179679	2.231219	0.000000	0.000000	0.011633	0.000000	0.000000	0.000000	0.000000	0.000000	0.000000	0.016805	0.000000	0.000000	0.000000	0.000000	0.000000	0.000000	0.011633	0.000000	0.000000	0.000000	0.000000	0.000000	0.000000	0.011449	0.000000	0.000000	0.000000	0.000000	0.000000	0.000000	0.011633	0.000000	0.000000	0.000000	0.000000	0.000000	0.000000	0.014645	0.000000	0.000000	0.000000	0.000000	0.387376	0.376954	0.386834	0.395087	0.386811	0.396590	0.031492	0.000000	0.077116	0.000000	0.000000	0.000000	0.007002	0.047162	0.000000	0.096449	0.000000	0.000000	0.000000	0.022461	0.031492	0.000000	0.077116	0.000000	0.000000	0.000000	0.007002	0.025248	0.000000	0.073177	0.000000	0.000000	0.000000	0.014587	0.031492	0.000000	0.077116	0.000000	0.000000	0.000000	0.007002	0.058126	0.000000	0.121897	0.000000	0.000000	0.000000	0.032314	1.328799	1.308806	1.327860	1.334732	1.327368	1.369869
2024-08-01	2.671734	2.677765	2.668815	2.616530	2.669190	2.725250	0.031771	0.532490	0.083447	0.119694	0.043090	0.021985	0.033464	0.032250	0.538842	0.090651	0.120400	0.043344	0.022114	0.034064	0.031771	0.532490	0.083447	0.119694	0.043090	0.021985	0.033464	0.000000	0.000000	0.049016	0.000000	0.000000	0.000000	0.000000	0.031771	0.532490	0.083447	0.119694	0.043090	0.021985	0.033464	0.334790	0.752697	0.344080	0.527354	0.456643	0.382290	0.340248	0.514705	0.531938	0.514990	0.490737	0.515233	0.675082	0.204017	0.000000	0.300949	0.055760	0.103712	0.141969	0.161992	0.257771	0.000000	0.351424	0.304226	0.237315	0.248545	0.246594	0.180794	0.000000	0.262522	0.055760	0.061172	0.120162	0.147912	0.210447	0.000000	0.252803	0.145848	0.154467	0.123745	0.181930	0.180794	0.000000	0.262522	0.055760	0.061172	0.120162	0.147912	0.370220	0.000000	0.411770	0.125461	0.194212	0.296935	0.340066	1.701006	1.733434	1.700631	1.678374	1.701120	1.840483
2024-09-01	2.707778	2.695543	2.708353	2.513596	2.708638	2.795737	0.034495	0.532663	0.063429	0.229040	0.104748	0.064208	0.038842	0.094503	0.721150	0.110129	0.427944	0.284954	0.167669	0.101429	0.034495	0.532663	0.063429	0.229040	0.104748	0.064208	0.038842	0.021823	0.543856	0.052399	0.235472	0.105625	0.053890	0.032600	0.034495	0.532663	0.063429	0.229040	0.104748	0.064208	0.038842	0.304816	0.919622	0.303392	0.579877	0.456804	0.400887	0.341328	0.494612	0.514106	0.493901	0.482030	0.493941	0.632201	0.131783	0.000000	0.247513	0.000000	0.040219	0.042513	0.090706	0.299684	0.000000	0.392226	0.176082	0.216317	0.238131	0.267453	0.131783	0.000000	0.240961	0.000000	0.040219	0.042513	0.090706	0.050085	0.000000	0.161429	0.000000	0.031979	0.045292	0.038731	0.131783	0.000000	0.246418	0.000000	0.040219	0.042513	0.090706	0.342735	0.000000	0.459985	0.057018	0.137944	0.239005	0.315999	1.734175	1.763933	1.734367	1.645160	1.734467	1.900967
2024-10-01	2.690960	2.680241	2.691131	2.550761	2.691215	2.820293	0.367766	0.722196	0.222387	0.483770	0.491986	0.424408	0.391653	0.282614	0.700027	0.311740	0.602686	0.528871	0.314304	0.289959	0.240415	0.000000	0.212921	0.076022	0.185965	0.187697	0.217703	0.022566	0.000000	0.086819	0.116118	0.041802	0.021328	0.019101	0.220948	0.513039	0.139577	0.556140	0.432504	0.377460	0.289936	0.715436	1.372407	0.732017	1.016559	0.879480	0.782415	0.736774	0.516043	0.552260	0.508201	0.483771	0.505059	0.946781	0.150131	0.000000	0.232563	0.000000	0.045885	0.072232	0.114989	0.209657	0.510107	0.287818	0.117396	0.158282	0.155164	0.174990	0.150131	0.000000	0.234811	0.000000	0.045885	0.072232	0.114989	0.071476	0.000000	0.157648	0.000000	0.000000	0.023724	0.059041	0.150131	0.000000	0.234811	0.000000	0.045885	0.072232	0.114989	0.273414	0.000000	0.406273	0.189627	0.194240	0.196942	0.236040	1.701303	1.721093	1.697448	1.572954	1.696519	1.958501
2024-11-01	2.608294	2.594076	2.591971	2.475289	2.589537	2.847630	0.898597	1.420383	1.057692	1.039984	1.023214	0.944378	0.924736	0.766813	0.880715	0.762561	0.857495	0.772322	0.764730	0.767959	1.757253	2.954967	1.723769	1.516399	2.082532	2.010095	1.917193	0.538505	0.729913	0.674784	1.104825	0.711272	0.555163	0.550286	0.613780	1.179659	0.507278	0.815849	0.857689	0.714503	0.664630	0.757971	0.744353	0.745236	0.831078	0.762257	0.750858	0.752967	1.912873	0.814147	0.880088	0.680648	0.637988	0.900182	0.112155	0.000000	0.161111	0.000000	0.000000	0.043731	0.077064	0.222349	0.504069	0.281503	0.297644	0.151802	0.158829	0.177981	0.112155	0.000000	0.161111	0.000000	0.000000	0.043731	0.077064	0.072685	0.000000	0.117960	0.131424	0.047313	0.045006	0.071606	0.112648	0.000000	0.161246	0.000000	0.000000	0.043731	0.077064	0.438095	0.538829	0.508283	0.256727	0.166857	0.272292	0.394003	2.098558	1.870320	1.881815	1.679977	1.764463	2.118873
2024-12-01	2.587904	2.411046	2.538701	2.501008	2.509372	2.515457	0.831740	1.974861	0.820385	1.319321	1.058675	0.934692	0.869014	0.568910	1.051512	0.529948	0.919085	0.761501	0.636684	0.605737	1.310837	3.322864	1.288233	2.358199	1.648845	1.384561	1.267202	0.562616	1.051512	0.507475	0.834463	0.731037	0.621141	0.596335	0.527897	0.739384	0.527875	0.834470	0.738546	0.643963	0.596843	0.562616	1.051512	0.508020	0.834463	0.731037	0.621141	0.596335	1.256754	0.929161	1.653257	0.903571	1.073340	0.914778	0.115327	0.000000	0.266901	0.061651	0.044035	0.050889	0.091561	0.442893	0.599688	0.338929	0.648998	0.458770	0.408418	0.449974	0.091197	0.000000	0.198433	0.000000	0.021193	0.029188	0.063902	0.335994	0.000000	0.265573	0.243830	0.087779	0.248540	0.321357	0.079377	0.000000	0.123736	0.000000	0.000000	0.000000	0.046245	0.339144	0.573148	0.316562	0.391899	0.269323	0.266167	0.332578	1.793808	1.694989	1.793112	1.605899	1.717319	1.774687
2025-01-01	2.556389	2.479065	2.510006	2.444241	2.511928	2.556393	0.938681	1.455793	0.888567	1.256163	1.044473	0.984679	0.959245	0.908407	1.097139	0.823620	0.948664	0.951652	0.926769	0.922555	0.784519	1.384929	0.725419	1.155433	0.899465	0.839275	0.806866	0.839884	0.946865	0.801956	0.916881	0.869359	0.852122	0.845672	1.101499	1.674523	1.022587	1.721334	1.446620	1.233348	1.159294	0.869015	0.968104	0.806045	0.901551	0.908097	0.900565	0.891487	1.218942	1.121401	1.287473	1.071620	1.271369	1.104247	0.265899	0.626921		0.427362	0.416554	0.307174	0.266830	0.503862	0.000000		0.271543	0.372349	0.458508	0.478155	0.088279	0.000000		0.000000	0.000000	0.022059	0.054387	0.104644	0.000000		0.000000	0.000000	0.022059	0.056013	0.104438	0.000000		0.000000	0.000000	0.033566	0.064125	0.378764	0.000000		0.000000	0.219324	0.272279	0.294905	1.710778	1.694293	1.705953	1.618876	1.686877	1.786584
2025-02-01	2.528424	2.517301	2.521159	2.510624	2.520108	2.563308	0.796521	1.399481	0.796795	1.524868	1.065358	0.887615	0.811850	0.783481	1.026044	0.740879	1.055261	0.931112	0.842139	0.815980	0.762502	0.000000	0.877791	1.534150	1.073977	0.880671	0.798003	0.762597	1.026044	0.720202	0.991468	0.879296	0.815702	0.784256	0.830654	1.222531	0.786725	1.463985	1.165215	0.915043	0.835670	0.781604	1.026044	0.725966	1.055261	0.931112	0.842139	0.812649	1.233443	1.056311	1.486873	1.042419	1.219959	1.042752		0.000000		0.156599	0.172040	0.190202	0.208258		0.000000		0.000000	0.126467	0.140798	0.196189		0.000000		0.057123	0.124105	0.126729	0.128180		0.000000		0.057123	0.144160	0.124810	0.141762		0.000000		0.057123	0.124105	0.143194	0.161853		0.000000		0.057123	0.124105	0.183353	0.227065	2.074919	1.870089	2.031261	1.839834	1.860031	2.027847
2025-03-01	2.573351	2.542842	2.575307	2.648505	2.566325	2.528325	0.463261	2.470865	0.383842	1.188700	0.751379	0.597785	0.503896	0.563187	1.190538	0.570684	1.147389	0.814644	0.655253	0.578231	0.905709	4.962871	0.718354	2.978566	1.669291	1.239234	1.007572	0.511700	0.790293	0.527329	0.866051	0.665703	0.566441	0.510084	0.396786	0.575845	0.360515	0.360906	0.435686	0.407437	0.396534	0.495883	1.190538	0.480708	1.245511	0.843098	0.653468	0.552675	0.824892	0.789496	0.958903	0.779409	0.792827	0.826573	0.162738	0.789626	0.144277	0.541343	0.267611	0.193845	0.163125	0.169490	0.000000	0.155509	0.000000	0.155336	0.122295	0.156257	0.092302	0.000000	0.134296	0.131189	0.089195	0.068819	0.079041	0.164377	0.000000	0.170511	0.062920	0.085531	0.064664	0.145588	0.085236	0.000000	0.106566	0.062920	0.085531	0.043638	0.072323	0.240437	0.000000	0.186356	0.168768	0.279963	0.241167	0.248867	1.806742	1.677031	1.809446	1.730755	1.738121	1.741470
2025-04-01	2.638321	2.641950	2.630587	2.651346	2.627935	2.658584	0.248069	1.128097	0.236239	0.822252	0.431172	0.337775	0.283641	0.721027	0.686126	0.524045	2.357299	1.167444	0.922797	0.814915	0.168118	0.686126	0.175220	0.346788	0.199389	0.193857	0.148097	0.344612	0.686126	0.296763	0.672118	0.449763	0.361969	0.350267	0.390350	1.149526	0.310177	0.921930	0.564148	0.474945	0.425110	0.720983	0.686126	0.570740	3.325589	1.469092	1.041758	0.875522	0.644178	0.564132	0.583542	0.486774	0.585601	0.745099	0.105131	0.000000	0.097899	0.135767	0.115297	0.085417	0.108289	0.136835	0.545147	0.130041	0.235065	0.127750	0.125178	0.152611	0.083509	0.000000	0.085047	0.078455	0.050150	0.049659	0.086658	0.117109	0.000000	0.085580	0.000000	0.046963	0.077296	0.118569	0.073148	0.000000	0.082204	0.000000	0.000000	0.024072	0.071180	0.213948	0.610123	0.181607	0.067791	0.135196	0.182937	0.236997	1.712460	1.666437	1.695901	1.658645	1.696422	1.786878
2025-05-01	2.847317	2.957085	2.846978	2.875572	2.847011	3.119201	0.533037	1.864272	0.403329	1.762349	1.057690	0.731739	0.560738	0.836130	1.888670	0.813840	1.216300	1.012365	0.922000	0.865258	0.581509	0.676132	0.498171	0.930367	0.707041	0.614181	0.588848	0.761489	1.494549	0.753628	1.137499	0.897114	0.823303	0.784133	0.589607	0.676132	0.523045	0.891581	0.731171	0.676325	0.597983	1.024657	2.722514	0.940144	1.906911	1.439897	1.220613	1.096014	0.707787	1.012467	0.732467	0.805685	0.714864	1.185129	0.166958	0.000000	0.195055	0.057142	0.041234	0.073876	0.161158	0.566981	0.600091	0.562181	0.528867	0.580340	0.567264	0.592149	0.166958	0.000000	0.195055	0.057142	0.041234	0.073876	0.161158	0.476950	0.000000	0.487417	0.342634	0.397552	0.392029	0.478853	0.166958	0.000000	0.195055	0.057142	0.041234	0.073876	0.161158	0.637909	0.631623	0.662039	0.605729	0.616243	0.614498	0.653011	1.942870	2.095851	1.944348	1.916155	1.942927	2.277770
2025-06-01	3.661118	3.711299	3.663165	3.647729	3.669778	3.765570	0.917314	1.156678	0.922807	1.162899	1.031033	0.967074	0.938228	1.014730	1.428452	1.024260	1.298288	1.131150	1.060566	1.034568	0.917314	1.156678	0.922807	1.162899	1.031033	0.967074	0.938228	0.977506	1.271453	1.013657	1.189054	1.056520	1.004822	0.989209	0.917314	1.156678	0.922807	1.162899	1.031033	0.967074	0.938228	1.076564	1.489639	1.062644	1.456848	1.216083	1.136055	1.101861	1.243639	1.365189	1.250998	1.369488	1.254032	1.447801	0.854654	0.000000	0.944481	0.445783	0.599095	0.715821	0.824178	1.152866	1.087572	1.211136	1.058845	1.057191	1.106733	1.152021	0.871143	0.000000	0.977009	0.445783	0.599095	0.715821	0.846424	1.021230	0.000000	1.054998	0.490817	0.840847	0.984930	1.046421	0.871143	0.000000	0.980822	0.445783	0.599095	0.715821	0.846424	1.154055	1.061512	1.222152	0.914905	1.037142	1.126224	1.144894	2.539901	2.588723	2.542544	2.530523	2.544671	2.703621
2025-07-01	3.302852	3.245127	3.299761	3.079668	3.299582	3.250693	0.654793	0.848178	0.688248	0.890366	0.744501	0.706579	0.683842	0.666679	1.466416	0.677506	0.960270	0.772021	0.724566	0.691108	0.654793	0.848178	0.684081	0.890366	0.744501	0.706579	0.683842	0.463480	1.360566	0.487280	0.823308	0.653243	0.552656	0.476424	0.654793	0.848178	0.684272	0.890366	0.744501	0.706579	0.683842	0.813067	1.916354	0.810228	1.259620	0.930760	0.886790	0.846955	0.932258	0.877043	0.929309	0.910569	0.929196	0.841491	0.766495	0.677578	0.826498	0.674751	0.630700	0.663899	0.761645	0.754932	0.706864	0.802451	0.672692	0.638437	0.665987	0.744613	0.761808	0.677578	0.788149	0.674751	0.630700	0.655984	0.754973	0.371100	0.662963	0.361116	0.499477	0.285423	0.262700	0.320206	0.761808	0.677578	0.789517	0.674751	0.630700	0.655984	0.754973	0.715085	0.717876	0.756761	0.541865	0.572368	0.600597	0.687841	2.287329	2.205739	2.286467	2.136025	2.286458	2.249367
2025-08-01	2.751971	2.733266	2.752004	2.677843	2.752059	2.784182	0.051516	1.503483	0.083481	0.569698	0.205091	0.104638	0.063300	0.054441	1.581188	0.086711	0.607359	0.218649	0.111556	0.067484	0.051516	1.503483	0.083481	0.569698	0.205091	0.104638	0.063300	0.063016	1.876292	0.078183	0.717532	0.258312	0.131792	0.079726	0.051516	1.503483	0.083481	0.569698	0.205091	0.104638	0.063300	0.312458	1.609792	0.291735	0.894205	0.526802	0.365355	0.320218	0.531757	0.531316	0.531773	0.513400	0.531773	0.612644	0.134624	0.000000	0.196443	0.000000	0.000000	0.051595	0.106137	0.141324	0.000000	0.208858	0.000000	0.000000	0.068336	0.117533	0.134624	0.000000	0.196443	0.000000	0.000000	0.051595	0.106137	0.113108	0.000000	0.149969	0.000000	0.000000	0.037639	0.096231	0.134624	0.000000	0.196443	0.000000	0.000000	0.051595	0.106137	0.207242	0.000000	0.297245	0.056865	0.064387	0.107621	0.165605	1.785787	1.757116	1.785723	1.678318	1.785738	1.886211
2025-09-01	2.725706	2.714900	2.724931	2.619553	2.724930	2.748313	0.045214	0.641517	0.089970	0.375599	0.155950	0.079566	0.054726	0.128662	1.451074	0.155568	0.714373	0.304868	0.176719	0.126585	0.045214	0.641517	0.089970	0.375599	0.155950	0.079566	0.054726	0.101245	0.721265	0.143410	0.416861	0.172278	0.098709	0.085162	0.045214	0.641517	0.089974	0.375599	0.155950	0.079566	0.054726	0.178728	1.788143	0.192368	0.883059	0.386603	0.240589	0.199419	0.527314	0.547180	0.527254	0.548189	0.527409	0.600361	0.096586	0.000000	0.165045	0.000000	0.000000	0.000000	0.061478	0.105555	0.000000	0.168867	0.000000	0.000000	0.011520	0.072681	0.096586	0.000000	0.165604	0.000000	0.000000	0.000000	0.061478	0.073784	0.000000	0.130364	0.000000	0.000000	0.000000	0.057581	0.096586	0.000000	0.165604	0.000000	0.000000	0.000000	0.061478	0.103024	0.000000	0.181370	0.000000	0.000000	0.016828	0.072841	1.748093	1.742501	1.747927	1.688580	1.747980	1.861251
2025-10-01	2.902814	2.951010	2.903053	2.734901	2.904243	3.102095	0.718443	0.753531	0.664124	0.882514	0.787051	0.751768	0.709122	0.233742	1.169599	0.284378	0.568014	0.374736	0.256456	0.232913	0.115357	0.916910	0.169483	0.388908	0.203414	0.103783	0.097305	0.122296	1.119442	0.149494	0.565610	0.301526	0.177269	0.154824	0.122493	0.916910	0.171441	0.388908	0.203414	0.121404	0.107965	0.238165	1.133748	0.316323	0.576693	0.360546	0.222963	0.214397	0.568238	0.541570	0.525304	0.559750	0.524488	0.571650	0.351063	0.532813	0.381974	0.380266	0.310862	0.296307	0.347206	0.585737	0.712376	0.578147	0.680964	0.606172	0.551150	0.581178	0.351063	0.532813	0.381974	0.380266	0.310862	0.296307	0.347206	0.121175	0.532813	0.165067	0.193663	0.069719	0.070106	0.092388	0.351063	0.532813	0.381974	0.380266	0.310862	0.296307	0.347206	0.661254	0.630134	0.714309	0.562288	0.538441	0.554595	0.620892	1.822239	1.854249	1.818947	1.689681	1.819043	2.035386
2025-11-01	2.628916	2.538450	2.619850	2.572641	2.619795	2.603571	0.553607	1.619166	0.587692	1.289346	0.918108	0.722309	0.605512	0.463960	1.223651	0.414733	0.934153	0.677841	0.512003	0.465469	0.310792	0.983596	0.297722	1.533137	0.868520	0.514132	0.376308	0.385540	1.007576	0.340790	1.041513	0.657567	0.480620	0.395455	0.582258	1.477829	0.462353	1.329392	0.904874	0.746921	0.641751	0.525284	0.504157	0.535742	0.565216	0.575774	0.493824	0.534436	0.615815	0.605160	0.568885	0.558538	0.568112	0.746406	0.135368	0.000000	0.201237	0.000000	0.000000	0.047134	0.123795	0.137367	0.000000	0.228682	0.000000	0.020194	0.076641	0.125816	0.131396	0.000000	0.193741	0.000000	0.000000	0.047134	0.120792	0.100985	0.000000	0.147303	0.000000	0.000000	0.025629	0.092151	0.131177	0.000000	0.193681	0.000000	0.000000	0.047134	0.120792	0.144996	0.000000	0.231247	0.000000	0.022250	0.093451	0.139534	1.786839	1.737124	1.773040	1.733219	1.765915	1.848152
2025-12-01	2.486031	2.443310	2.477891	2.491236	2.476931	2.509435	0.808639	1.036332	0.672798	1.900057	1.232605	0.998309	0.881738	0.267602	0.596510	0.263431	0.699496	0.534877	0.362051	0.289071	0.778715	4.058172	0.720344	2.182323	1.358719	1.028127	0.841513	0.253649	0.596510	0.234018	0.699496	0.467345	0.327596	0.268228	0.726384	0.596510	0.658230	1.201857	0.916889	0.813904	0.764579	0.253649	0.596510	0.247543	0.699496	0.467345	0.327596	0.268228	1.468120	0.647959	0.891002	0.726671	0.712963	0.711981	0.146852	0.000000	0.131457	0.074019	0.102470	0.121506	0.160487	0.226845	0.000000	0.196727	0.126023	0.114505	0.183440	0.222444	0.130399	0.000000	0.122548	0.062826	0.119192	0.101533	0.135647	0.181450	0.000000	0.129936	0.086662	0.154336	0.182178	0.200227	0.104419	0.000000	0.117327	0.000000	0.022546	0.037379	0.096838	0.313335	0.000000	0.342192	0.134309	0.216334	0.245161	0.307404	2.036294	1.618543	1.775392	1.613229	1.697088	1.780295
